{
  "ABIRoot": {
    "kind": "Root",
    "name": "UnbluAppIntegrityModule",
    "printedName": "UnbluAppIntegrityModule",
    "children": [
      {
        "kind": "Import",
        "name": "Security",
        "printedName": "Security",
        "declKind": "Import",
        "moduleName": "UnbluAppIntegrityModule",
        "declAttributes": [
          "RawDocComment"
        ]
      },
      {
        "kind": "Import",
        "name": "DeviceCheck",
        "printedName": "DeviceCheck",
        "declKind": "Import",
        "moduleName": "UnbluAppIntegrityModule",
        "declAttributes": [
          "RawDocComment"
        ]
      },
      {
        "kind": "Import",
        "name": "Foundation",
        "printedName": "Foundation",
        "declKind": "Import",
        "moduleName": "UnbluAppIntegrityModule"
      },
      {
        "kind": "Import",
        "name": "CryptoKit",
        "printedName": "CryptoKit",
        "declKind": "Import",
        "moduleName": "UnbluAppIntegrityModule"
      },
      {
        "kind": "Import",
        "name": "DeviceCheck",
        "printedName": "DeviceCheck",
        "declKind": "Import",
        "moduleName": "UnbluAppIntegrityModule",
        "declAttributes": [
          "RawDocComment"
        ]
      },
      {
        "kind": "Import",
        "name": "Foundation",
        "printedName": "Foundation",
        "declKind": "Import",
        "moduleName": "UnbluAppIntegrityModule"
      },
      {
        "kind": "Import",
        "name": "UIKit",
        "printedName": "UIKit",
        "declKind": "Import",
        "moduleName": "UnbluAppIntegrityModule",
        "declAttributes": [
          "RawDocComment"
        ]
      },
      {
        "kind": "Import",
        "name": "LocalAuthentication",
        "printedName": "LocalAuthentication",
        "declKind": "Import",
        "moduleName": "UnbluAppIntegrityModule"
      },
      {
        "kind": "Import",
        "name": "UnbluCoreSDK",
        "printedName": "UnbluCoreSDK",
        "declKind": "Import",
        "moduleName": "UnbluAppIntegrityModule",
        "declAttributes": [
          "SPIAccessControl"
        ]
      },
      {
        "kind": "TypeDecl",
        "name": "AppIntegrityModuleApi",
        "printedName": "AppIntegrityModuleApi",
        "children": [
          {
            "kind": "Var",
            "name": "keyIdKey",
            "printedName": "keyIdKey",
            "children": [
              {
                "kind": "TypeNominal",
                "name": "String",
                "printedName": "Swift.String",
                "usr": "s:SS"
              }
            ],
            "declKind": "Var",
            "usr": "s:23UnbluAppIntegrityModule0bcD3ApiC8keyIdKeySSvpZ",
            "mangledName": "$s23UnbluAppIntegrityModule0bcD3ApiC8keyIdKeySSvpZ",
            "moduleName": "UnbluAppIntegrityModule",
            "static": true,
            "declAttributes": [
              "HasInitialValue",
              "Final",
              "HasStorage",
              "AccessControl"
            ],
            "isLet": true,
            "hasStorage": true,
            "accessors": [
              {
                "kind": "Accessor",
                "name": "Get",
                "printedName": "Get()",
                "children": [
                  {
                    "kind": "TypeNominal",
                    "name": "String",
                    "printedName": "Swift.String",
                    "usr": "s:SS"
                  }
                ],
                "declKind": "Accessor",
                "usr": "s:23UnbluAppIntegrityModule0bcD3ApiC8keyIdKeySSvgZ",
                "mangledName": "$s23UnbluAppIntegrityModule0bcD3ApiC8keyIdKeySSvgZ",
                "moduleName": "UnbluAppIntegrityModule",
                "static": true,
                "implicit": true,
                "declAttributes": [
                  "Final"
                ],
                "accessorKind": "get"
              }
            ]
          },
          {
            "kind": "Var",
            "name": "instance",
            "printedName": "instance",
            "children": [
              {
                "kind": "TypeNominal",
                "name": "AppIntegrityModuleApi",
                "printedName": "UnbluAppIntegrityModule.AppIntegrityModuleApi",
                "usr": "s:23UnbluAppIntegrityModule0bcD3ApiC"
              }
            ],
            "declKind": "Var",
            "usr": "s:23UnbluAppIntegrityModule0bcD3ApiC8instanceACvpZ",
            "mangledName": "$s23UnbluAppIntegrityModule0bcD3ApiC8instanceACvpZ",
            "moduleName": "UnbluAppIntegrityModule",
            "static": true,
            "declAttributes": [
              "HasInitialValue",
              "Final",
              "HasStorage",
              "AccessControl"
            ],
            "isLet": true,
            "hasStorage": true,
            "accessors": [
              {
                "kind": "Accessor",
                "name": "Get",
                "printedName": "Get()",
                "children": [
                  {
                    "kind": "TypeNominal",
                    "name": "AppIntegrityModuleApi",
                    "printedName": "UnbluAppIntegrityModule.AppIntegrityModuleApi",
                    "usr": "s:23UnbluAppIntegrityModule0bcD3ApiC"
                  }
                ],
                "declKind": "Accessor",
                "usr": "s:23UnbluAppIntegrityModule0bcD3ApiC8instanceACvgZ",
                "mangledName": "$s23UnbluAppIntegrityModule0bcD3ApiC8instanceACvgZ",
                "moduleName": "UnbluAppIntegrityModule",
                "static": true,
                "implicit": true,
                "declAttributes": [
                  "Final"
                ],
                "accessorKind": "get"
              }
            ]
          },
          {
            "kind": "Function",
            "name": "checkForAppUpdate",
            "printedName": "checkForAppUpdate(completion:)",
            "children": [
              {
                "kind": "TypeNominal",
                "name": "Void",
                "printedName": "()"
              },
              {
                "kind": "TypeFunc",
                "name": "Function",
                "printedName": "(Swift.Bool, Swift.String?, Swift.String?) -> ()",
                "children": [
                  {
                    "kind": "TypeNominal",
                    "name": "Void",
                    "printedName": "()"
                  },
                  {
                    "kind": "TypeNominal",
                    "name": "Tuple",
                    "printedName": "(Swift.Bool, Swift.String?, Swift.String?)",
                    "children": [
                      {
                        "kind": "TypeNominal",
                        "name": "Bool",
                        "printedName": "Swift.Bool",
                        "usr": "s:Sb"
                      },
                      {
                        "kind": "TypeNominal",
                        "name": "Optional",
                        "printedName": "Swift.String?",
                        "children": [
                          {
                            "kind": "TypeNominal",
                            "name": "String",
                            "printedName": "Swift.String",
                            "usr": "s:SS"
                          }
                        ],
                        "usr": "s:Sq"
                      },
                      {
                        "kind": "TypeNominal",
                        "name": "Optional",
                        "printedName": "Swift.String?",
                        "children": [
                          {
                            "kind": "TypeNominal",
                            "name": "String",
                            "printedName": "Swift.String",
                            "usr": "s:SS"
                          }
                        ],
                        "usr": "s:Sq"
                      }
                    ]
                  }
                ]
              }
            ],
            "declKind": "Func",
            "usr": "s:23UnbluAppIntegrityModule0bcD3ApiC08checkForB6Update10completionyySb_SSSgAFtc_tF",
            "mangledName": "$s23UnbluAppIntegrityModule0bcD3ApiC08checkForB6Update10completionyySb_SSSgAFtc_tF",
            "moduleName": "UnbluAppIntegrityModule",
            "declAttributes": [
              "AccessControl",
              "RawDocComment"
            ],
            "isFromExtension": true,
            "funcSelfKind": "NonMutating"
          },
          {
            "kind": "Function",
            "name": "enforceAppUpdate",
            "printedName": "enforceAppUpdate(appID:completion:)",
            "children": [
              {
                "kind": "TypeNominal",
                "name": "Void",
                "printedName": "()"
              },
              {
                "kind": "TypeNominal",
                "name": "String",
                "printedName": "Swift.String",
                "usr": "s:SS"
              },
              {
                "kind": "TypeFunc",
                "name": "Function",
                "printedName": "(Swift.Bool) -> ()",
                "children": [
                  {
                    "kind": "TypeNominal",
                    "name": "Void",
                    "printedName": "()"
                  },
                  {
                    "kind": "TypeNominal",
                    "name": "Bool",
                    "printedName": "Swift.Bool",
                    "usr": "s:Sb"
                  }
                ]
              }
            ],
            "declKind": "Func",
            "usr": "s:23UnbluAppIntegrityModule0bcD3ApiC07enforceB6Update5appID10completionySS_ySbctF",
            "mangledName": "$s23UnbluAppIntegrityModule0bcD3ApiC07enforceB6Update5appID10completionySS_ySbctF",
            "moduleName": "UnbluAppIntegrityModule",
            "declAttributes": [
              "AccessControl",
              "RawDocComment"
            ],
            "isFromExtension": true,
            "funcSelfKind": "NonMutating"
          },
          {
            "kind": "Function",
            "name": "checkDeviceSecurityPolicy",
            "printedName": "checkDeviceSecurityPolicy()",
            "children": [
              {
                "kind": "TypeNominal",
                "name": "Tuple",
                "printedName": "(isPasscodeEnabled: Swift.Bool, isBiometricEnabled: Swift.Bool, biometricType: LocalAuthentication.LABiometryType?)",
                "children": [
                  {
                    "kind": "TypeNominal",
                    "name": "Bool",
                    "printedName": "Swift.Bool",
                    "usr": "s:Sb"
                  },
                  {
                    "kind": "TypeNominal",
                    "name": "Bool",
                    "printedName": "Swift.Bool",
                    "usr": "s:Sb"
                  },
                  {
                    "kind": "TypeNominal",
                    "name": "Optional",
                    "printedName": "LocalAuthentication.LABiometryType?",
                    "children": [
                      {
                        "kind": "TypeNominal",
                        "name": "LABiometryType",
                        "printedName": "LocalAuthentication.LABiometryType",
                        "usr": "c:@E@LABiometryType"
                      }
                    ],
                    "usr": "s:Sq"
                  }
                ]
              }
            ],
            "declKind": "Func",
            "usr": "s:23UnbluAppIntegrityModule0bcD3ApiC25checkDeviceSecurityPolicySb17isPasscodeEnabled_Sb0j9BiometricL0So14LABiometryTypeVSg09biometricO0tyF",
            "mangledName": "$s23UnbluAppIntegrityModule0bcD3ApiC25checkDeviceSecurityPolicySb17isPasscodeEnabled_Sb0j9BiometricL0So14LABiometryTypeVSg09biometricO0tyF",
            "moduleName": "UnbluAppIntegrityModule",
            "declAttributes": [
              "AccessControl",
              "RawDocComment"
            ],
            "isFromExtension": true,
            "funcSelfKind": "NonMutating"
          },
          {
            "kind": "Function",
            "name": "isRunningInEmulatorOrDebugger",
            "printedName": "isRunningInEmulatorOrDebugger()",
            "children": [
              {
                "kind": "TypeNominal",
                "name": "Bool",
                "printedName": "Swift.Bool",
                "usr": "s:Sb"
              }
            ],
            "declKind": "Func",
            "usr": "s:23UnbluAppIntegrityModule0bcD3ApiC29isRunningInEmulatorOrDebuggerSbyF",
            "mangledName": "$s23UnbluAppIntegrityModule0bcD3ApiC29isRunningInEmulatorOrDebuggerSbyF",
            "moduleName": "UnbluAppIntegrityModule",
            "declAttributes": [
              "AccessControl",
              "RawDocComment"
            ],
            "isFromExtension": true,
            "funcSelfKind": "NonMutating"
          },
          {
            "kind": "Function",
            "name": "enableBackgroundModeOverlay",
            "printedName": "enableBackgroundModeOverlay()",
            "children": [
              {
                "kind": "TypeNominal",
                "name": "Void",
                "printedName": "()"
              }
            ],
            "declKind": "Func",
            "usr": "s:23UnbluAppIntegrityModule0bcD3ApiC27enableBackgroundModeOverlayyyF",
            "mangledName": "$s23UnbluAppIntegrityModule0bcD3ApiC27enableBackgroundModeOverlayyyF",
            "moduleName": "UnbluAppIntegrityModule",
            "declAttributes": [
              "AccessControl",
              "RawDocComment"
            ],
            "isFromExtension": true,
            "funcSelfKind": "NonMutating"
          },
          {
            "kind": "Function",
            "name": "disableBackgroundModeOverlay",
            "printedName": "disableBackgroundModeOverlay()",
            "children": [
              {
                "kind": "TypeNominal",
                "name": "Void",
                "printedName": "()"
              }
            ],
            "declKind": "Func",
            "usr": "s:23UnbluAppIntegrityModule0bcD3ApiC28disableBackgroundModeOverlayyyF",
            "mangledName": "$s23UnbluAppIntegrityModule0bcD3ApiC28disableBackgroundModeOverlayyyF",
            "moduleName": "UnbluAppIntegrityModule",
            "declAttributes": [
              "AccessControl",
              "RawDocComment"
            ],
            "isFromExtension": true,
            "funcSelfKind": "NonMutating"
          },
          {
            "kind": "Function",
            "name": "attestKey",
            "printedName": "attestKey(challenge:completion:)",
            "children": [
              {
                "kind": "TypeNominal",
                "name": "Void",
                "printedName": "()"
              },
              {
                "kind": "TypeNominal",
                "name": "String",
                "printedName": "Swift.String",
                "usr": "s:SS"
              },
              {
                "kind": "TypeFunc",
                "name": "Function",
                "printedName": "(Foundation.Data?, Foundation.Data?) -> ()",
                "children": [
                  {
                    "kind": "TypeNominal",
                    "name": "Void",
                    "printedName": "()"
                  },
                  {
                    "kind": "TypeNominal",
                    "name": "Tuple",
                    "printedName": "(Foundation.Data?, Foundation.Data?)",
                    "children": [
                      {
                        "kind": "TypeNominal",
                        "name": "Optional",
                        "printedName": "Foundation.Data?",
                        "children": [
                          {
                            "kind": "TypeNominal",
                            "name": "Data",
                            "printedName": "Foundation.Data",
                            "usr": "s:10Foundation4DataV"
                          }
                        ],
                        "usr": "s:Sq"
                      },
                      {
                        "kind": "TypeNominal",
                        "name": "Optional",
                        "printedName": "Foundation.Data?",
                        "children": [
                          {
                            "kind": "TypeNominal",
                            "name": "Data",
                            "printedName": "Foundation.Data",
                            "usr": "s:10Foundation4DataV"
                          }
                        ],
                        "usr": "s:Sq"
                      }
                    ]
                  }
                ]
              }
            ],
            "declKind": "Func",
            "usr": "s:23UnbluAppIntegrityModule0bcD3ApiC9attestKey9challenge10completionySS_y10Foundation4DataVSg_AJtctF",
            "mangledName": "$s23UnbluAppIntegrityModule0bcD3ApiC9attestKey9challenge10completionySS_y10Foundation4DataVSg_AJtctF",
            "moduleName": "UnbluAppIntegrityModule",
            "declAttributes": [
              "AccessControl",
              "RawDocComment"
            ],
            "isFromExtension": true,
            "funcSelfKind": "NonMutating"
          },
          {
            "kind": "Function",
            "name": "generateAssertion",
            "printedName": "generateAssertion(keyId:challenge:completion:)",
            "children": [
              {
                "kind": "TypeNominal",
                "name": "Void",
                "printedName": "()"
              },
              {
                "kind": "TypeNominal",
                "name": "String",
                "printedName": "Swift.String",
                "usr": "s:SS"
              },
              {
                "kind": "TypeNominal",
                "name": "Optional",
                "printedName": "Foundation.Data?",
                "children": [
                  {
                    "kind": "TypeNominal",
                    "name": "Data",
                    "printedName": "Foundation.Data",
                    "usr": "s:10Foundation4DataV"
                  }
                ],
                "usr": "s:Sq"
              },
              {
                "kind": "TypeFunc",
                "name": "Function",
                "printedName": "(Foundation.Data?) -> ()",
                "children": [
                  {
                    "kind": "TypeNominal",
                    "name": "Void",
                    "printedName": "()"
                  },
                  {
                    "kind": "TypeNominal",
                    "name": "Optional",
                    "printedName": "Foundation.Data?",
                    "children": [
                      {
                        "kind": "TypeNominal",
                        "name": "Data",
                        "printedName": "Foundation.Data",
                        "usr": "s:10Foundation4DataV"
                      }
                    ],
                    "usr": "s:Sq"
                  }
                ]
              }
            ],
            "declKind": "Func",
            "usr": "s:23UnbluAppIntegrityModule0bcD3ApiC17generateAssertion5keyId9challenge10completionySS_10Foundation4DataVSgyAKctF",
            "mangledName": "$s23UnbluAppIntegrityModule0bcD3ApiC17generateAssertion5keyId9challenge10completionySS_10Foundation4DataVSgyAKctF",
            "moduleName": "UnbluAppIntegrityModule",
            "declAttributes": [
              "AccessControl",
              "RawDocComment"
            ],
            "isFromExtension": true,
            "funcSelfKind": "NonMutating"
          },
          {
            "kind": "Function",
            "name": "generateDeviceToken",
            "printedName": "generateDeviceToken(completion:)",
            "children": [
              {
                "kind": "TypeNominal",
                "name": "Void",
                "printedName": "()"
              },
              {
                "kind": "TypeFunc",
                "name": "Function",
                "printedName": "(Swift.String?) -> ()",
                "children": [
                  {
                    "kind": "TypeNominal",
                    "name": "Void",
                    "printedName": "()"
                  },
                  {
                    "kind": "TypeNominal",
                    "name": "Optional",
                    "printedName": "Swift.String?",
                    "children": [
                      {
                        "kind": "TypeNominal",
                        "name": "String",
                        "printedName": "Swift.String",
                        "usr": "s:SS"
                      }
                    ],
                    "usr": "s:Sq"
                  }
                ]
              }
            ],
            "declKind": "Func",
            "usr": "s:23UnbluAppIntegrityModule0bcD3ApiC19generateDeviceToken10completionyySSSgc_tF",
            "mangledName": "$s23UnbluAppIntegrityModule0bcD3ApiC19generateDeviceToken10completionyySSSgc_tF",
            "moduleName": "UnbluAppIntegrityModule",
            "declAttributes": [
              "AccessControl",
              "RawDocComment"
            ],
            "isFromExtension": true,
            "funcSelfKind": "NonMutating"
          },
          {
            "kind": "Function",
            "name": "verifyDeviceToken",
            "printedName": "verifyDeviceToken(unbluAgent:token:completion:)",
            "children": [
              {
                "kind": "TypeNominal",
                "name": "Void",
                "printedName": "()"
              },
              {
                "kind": "TypeNominal",
                "name": "UnbluAgentClient",
                "printedName": "any UnbluCoreSDK.UnbluAgentClient",
                "usr": "s:12UnbluCoreSDK0A11AgentClientP"
              },
              {
                "kind": "TypeNominal",
                "name": "String",
                "printedName": "Swift.String",
                "usr": "s:SS"
              },
              {
                "kind": "TypeFunc",
                "name": "Function",
                "printedName": "(Swift.Bool) -> ()",
                "children": [
                  {
                    "kind": "TypeNominal",
                    "name": "Void",
                    "printedName": "()"
                  },
                  {
                    "kind": "TypeNominal",
                    "name": "Bool",
                    "printedName": "Swift.Bool",
                    "usr": "s:Sb"
                  }
                ]
              }
            ],
            "declKind": "Func",
            "usr": "s:23UnbluAppIntegrityModule0bcD3ApiC17verifyDeviceToken10unbluAgent5token10completiony0A7CoreSDK0aJ6Client_p_SSySbctF",
            "mangledName": "$s23UnbluAppIntegrityModule0bcD3ApiC17verifyDeviceToken10unbluAgent5token10completiony0A7CoreSDK0aJ6Client_p_SSySbctF",
            "moduleName": "UnbluAppIntegrityModule",
            "declAttributes": [
              "AccessControl",
              "RawDocComment"
            ],
            "isFromExtension": true,
            "funcSelfKind": "NonMutating"
          },
          {
            "kind": "Function",
            "name": "getChallenge",
            "printedName": "getChallenge(unbluAgent:completion:)",
            "children": [
              {
                "kind": "TypeNominal",
                "name": "Void",
                "printedName": "()"
              },
              {
                "kind": "TypeNominal",
                "name": "UnbluAgentClient",
                "printedName": "any UnbluCoreSDK.UnbluAgentClient",
                "usr": "s:12UnbluCoreSDK0A11AgentClientP"
              },
              {
                "kind": "TypeFunc",
                "name": "Function",
                "printedName": "(Swift.String) -> ()",
                "children": [
                  {
                    "kind": "TypeNominal",
                    "name": "Void",
                    "printedName": "()"
                  },
                  {
                    "kind": "TypeNominal",
                    "name": "String",
                    "printedName": "Swift.String",
                    "usr": "s:SS"
                  }
                ]
              }
            ],
            "declKind": "Func",
            "usr": "s:23UnbluAppIntegrityModule0bcD3ApiC12getChallenge10unbluAgent10completiony0A7CoreSDK0aI6Client_p_ySSctF",
            "mangledName": "$s23UnbluAppIntegrityModule0bcD3ApiC12getChallenge10unbluAgent10completiony0A7CoreSDK0aI6Client_p_ySSctF",
            "moduleName": "UnbluAppIntegrityModule",
            "declAttributes": [
              "AccessControl",
              "RawDocComment"
            ],
            "isFromExtension": true,
            "funcSelfKind": "NonMutating"
          },
          {
            "kind": "Function",
            "name": "verifyAttestation",
            "printedName": "verifyAttestation(unbluAgent:attestationObject:challenge:keyId:completion:)",
            "children": [
              {
                "kind": "TypeNominal",
                "name": "Void",
                "printedName": "()"
              },
              {
                "kind": "TypeNominal",
                "name": "UnbluAgentClient",
                "printedName": "any UnbluCoreSDK.UnbluAgentClient",
                "usr": "s:12UnbluCoreSDK0A11AgentClientP"
              },
              {
                "kind": "TypeNominal",
                "name": "Data",
                "printedName": "Foundation.Data",
                "usr": "s:10Foundation4DataV"
              },
              {
                "kind": "TypeNominal",
                "name": "Data",
                "printedName": "Foundation.Data",
                "usr": "s:10Foundation4DataV"
              },
              {
                "kind": "TypeNominal",
                "name": "Data",
                "printedName": "Foundation.Data",
                "usr": "s:10Foundation4DataV"
              },
              {
                "kind": "TypeFunc",
                "name": "Function",
                "printedName": "(Swift.Bool) -> ()",
                "children": [
                  {
                    "kind": "TypeNominal",
                    "name": "Void",
                    "printedName": "()"
                  },
                  {
                    "kind": "TypeNominal",
                    "name": "Bool",
                    "printedName": "Swift.Bool",
                    "usr": "s:Sb"
                  }
                ]
              }
            ],
            "declKind": "Func",
            "usr": "s:23UnbluAppIntegrityModule0bcD3ApiC17verifyAttestation10unbluAgent17attestationObject9challenge5keyId10completiony0A7CoreSDK0aI6Client_p_10Foundation4DataVA2NySbctF",
            "mangledName": "$s23UnbluAppIntegrityModule0bcD3ApiC17verifyAttestation10unbluAgent17attestationObject9challenge5keyId10completiony0A7CoreSDK0aI6Client_p_10Foundation4DataVA2NySbctF",
            "moduleName": "UnbluAppIntegrityModule",
            "declAttributes": [
              "AccessControl",
              "RawDocComment"
            ],
            "isFromExtension": true,
            "funcSelfKind": "NonMutating"
          },
          {
            "kind": "Function",
            "name": "verifyAssertion",
            "printedName": "verifyAssertion(unbluAgent:assertionObject:challenge:keyId:completion:)",
            "children": [
              {
                "kind": "TypeNominal",
                "name": "Void",
                "printedName": "()"
              },
              {
                "kind": "TypeNominal",
                "name": "UnbluAgentClient",
                "printedName": "any UnbluCoreSDK.UnbluAgentClient",
                "usr": "s:12UnbluCoreSDK0A11AgentClientP"
              },
              {
                "kind": "TypeNominal",
                "name": "Data",
                "printedName": "Foundation.Data",
                "usr": "s:10Foundation4DataV"
              },
              {
                "kind": "TypeNominal",
                "name": "Data",
                "printedName": "Foundation.Data",
                "usr": "s:10Foundation4DataV"
              },
              {
                "kind": "TypeNominal",
                "name": "Data",
                "printedName": "Foundation.Data",
                "usr": "s:10Foundation4DataV"
              },
              {
                "kind": "TypeFunc",
                "name": "Function",
                "printedName": "(Swift.Bool) -> ()",
                "children": [
                  {
                    "kind": "TypeNominal",
                    "name": "Void",
                    "printedName": "()"
                  },
                  {
                    "kind": "TypeNominal",
                    "name": "Bool",
                    "printedName": "Swift.Bool",
                    "usr": "s:Sb"
                  }
                ]
              }
            ],
            "declKind": "Func",
            "usr": "s:23UnbluAppIntegrityModule0bcD3ApiC15verifyAssertion10unbluAgent15assertionObject9challenge5keyId10completiony0A7CoreSDK0aI6Client_p_10Foundation4DataVA2NySbctF",
            "mangledName": "$s23UnbluAppIntegrityModule0bcD3ApiC15verifyAssertion10unbluAgent15assertionObject9challenge5keyId10completiony0A7CoreSDK0aI6Client_p_10Foundation4DataVA2NySbctF",
            "moduleName": "UnbluAppIntegrityModule",
            "declAttributes": [
              "AccessControl",
              "RawDocComment"
            ],
            "isFromExtension": true,
            "funcSelfKind": "NonMutating"
          },
          {
            "kind": "TypeDecl",
            "name": "DeviceIntegrityVerifier",
            "printedName": "DeviceIntegrityVerifier",
            "children": [
              {
                "kind": "Var",
                "name": "verifyDeviceToken",
                "printedName": "verifyDeviceToken",
                "children": [
                  {
                    "kind": "TypeFunc",
                    "name": "Function",
                    "printedName": "(Swift.String, @escaping (Swift.Bool) -> ()) -> ()",
                    "children": [
                      {
                        "kind": "TypeNominal",
                        "name": "Void",
                        "printedName": "()"
                      },
                      {
                        "kind": "TypeNominal",
                        "name": "Tuple",
                        "printedName": "(Swift.String, (Swift.Bool) -> ())",
                        "children": [
                          {
                            "kind": "TypeNominal",
                            "name": "String",
                            "printedName": "Swift.String",
                            "usr": "s:SS"
                          },
                          {
                            "kind": "TypeFunc",
                            "name": "Function",
                            "printedName": "(Swift.Bool) -> ()",
                            "children": [
                              {
                                "kind": "TypeNominal",
                                "name": "Void",
                                "printedName": "()"
                              },
                              {
                                "kind": "TypeNominal",
                                "name": "Bool",
                                "printedName": "Swift.Bool",
                                "usr": "s:Sb"
                              }
                            ]
                          }
                        ]
                      }
                    ]
                  }
                ],
                "declKind": "Var",
                "usr": "s:23UnbluAppIntegrityModule0bcD3ApiC06DeviceC8VerifierV06verifyF5TokenyySS_ySbctcvp",
                "mangledName": "$s23UnbluAppIntegrityModule0bcD3ApiC06DeviceC8VerifierV06verifyF5TokenyySS_ySbctcvp",
                "moduleName": "UnbluAppIntegrityModule",
                "declAttributes": [
                  "HasStorage",
                  "AccessControl"
                ],
                "isLet": true,
                "hasStorage": true,
                "accessors": [
                  {
                    "kind": "Accessor",
                    "name": "Get",
                    "printedName": "Get()",
                    "children": [
                      {
                        "kind": "TypeFunc",
                        "name": "Function",
                        "printedName": "(Swift.String, @escaping (Swift.Bool) -> ()) -> ()",
                        "children": [
                          {
                            "kind": "TypeNominal",
                            "name": "Void",
                            "printedName": "()"
                          },
                          {
                            "kind": "TypeNominal",
                            "name": "Tuple",
                            "printedName": "(Swift.String, (Swift.Bool) -> ())",
                            "children": [
                              {
                                "kind": "TypeNominal",
                                "name": "String",
                                "printedName": "Swift.String",
                                "usr": "s:SS"
                              },
                              {
                                "kind": "TypeFunc",
                                "name": "Function",
                                "printedName": "(Swift.Bool) -> ()",
                                "children": [
                                  {
                                    "kind": "TypeNominal",
                                    "name": "Void",
                                    "printedName": "()"
                                  },
                                  {
                                    "kind": "TypeNominal",
                                    "name": "Bool",
                                    "printedName": "Swift.Bool",
                                    "usr": "s:Sb"
                                  }
                                ]
                              }
                            ]
                          }
                        ]
                      }
                    ],
                    "declKind": "Accessor",
                    "usr": "s:23UnbluAppIntegrityModule0bcD3ApiC06DeviceC8VerifierV06verifyF5TokenyySS_ySbctcvg",
                    "mangledName": "$s23UnbluAppIntegrityModule0bcD3ApiC06DeviceC8VerifierV06verifyF5TokenyySS_ySbctcvg",
                    "moduleName": "UnbluAppIntegrityModule",
                    "implicit": true,
                    "accessorKind": "get"
                  }
                ]
              },
              {
                "kind": "Var",
                "name": "getChallenge",
                "printedName": "getChallenge",
                "children": [
                  {
                    "kind": "TypeFunc",
                    "name": "Function",
                    "printedName": "(@escaping (Swift.String) -> ()) -> ()",
                    "children": [
                      {
                        "kind": "TypeNominal",
                        "name": "Void",
                        "printedName": "()"
                      },
                      {
                        "kind": "TypeFunc",
                        "name": "Function",
                        "printedName": "(Swift.String) -> ()",
                        "children": [
                          {
                            "kind": "TypeNominal",
                            "name": "Void",
                            "printedName": "()"
                          },
                          {
                            "kind": "TypeNominal",
                            "name": "String",
                            "printedName": "Swift.String",
                            "usr": "s:SS"
                          }
                        ]
                      }
                    ]
                  }
                ],
                "declKind": "Var",
                "usr": "s:23UnbluAppIntegrityModule0bcD3ApiC06DeviceC8VerifierV12getChallengeyyySSccvp",
                "mangledName": "$s23UnbluAppIntegrityModule0bcD3ApiC06DeviceC8VerifierV12getChallengeyyySSccvp",
                "moduleName": "UnbluAppIntegrityModule",
                "declAttributes": [
                  "HasStorage",
                  "AccessControl"
                ],
                "isLet": true,
                "hasStorage": true,
                "accessors": [
                  {
                    "kind": "Accessor",
                    "name": "Get",
                    "printedName": "Get()",
                    "children": [
                      {
                        "kind": "TypeFunc",
                        "name": "Function",
                        "printedName": "(@escaping (Swift.String) -> ()) -> ()",
                        "children": [
                          {
                            "kind": "TypeNominal",
                            "name": "Void",
                            "printedName": "()"
                          },
                          {
                            "kind": "TypeFunc",
                            "name": "Function",
                            "printedName": "(Swift.String) -> ()",
                            "children": [
                              {
                                "kind": "TypeNominal",
                                "name": "Void",
                                "printedName": "()"
                              },
                              {
                                "kind": "TypeNominal",
                                "name": "String",
                                "printedName": "Swift.String",
                                "usr": "s:SS"
                              }
                            ]
                          }
                        ]
                      }
                    ],
                    "declKind": "Accessor",
                    "usr": "s:23UnbluAppIntegrityModule0bcD3ApiC06DeviceC8VerifierV12getChallengeyyySSccvg",
                    "mangledName": "$s23UnbluAppIntegrityModule0bcD3ApiC06DeviceC8VerifierV12getChallengeyyySSccvg",
                    "moduleName": "UnbluAppIntegrityModule",
                    "implicit": true,
                    "accessorKind": "get"
                  }
                ]
              },
              {
                "kind": "Var",
                "name": "verifyAttestation",
                "printedName": "verifyAttestation",
                "children": [
                  {
                    "kind": "TypeFunc",
                    "name": "Function",
                    "printedName": "(Foundation.Data, Foundation.Data, Foundation.Data, @escaping (Swift.Bool) -> ()) -> ()",
                    "children": [
                      {
                        "kind": "TypeNominal",
                        "name": "Void",
                        "printedName": "()"
                      },
                      {
                        "kind": "TypeNominal",
                        "name": "Tuple",
                        "printedName": "(Foundation.Data, Foundation.Data, Foundation.Data, (Swift.Bool) -> ())",
                        "children": [
                          {
                            "kind": "TypeNominal",
                            "name": "Data",
                            "printedName": "Foundation.Data",
                            "usr": "s:10Foundation4DataV"
                          },
                          {
                            "kind": "TypeNominal",
                            "name": "Data",
                            "printedName": "Foundation.Data",
                            "usr": "s:10Foundation4DataV"
                          },
                          {
                            "kind": "TypeNominal",
                            "name": "Data",
                            "printedName": "Foundation.Data",
                            "usr": "s:10Foundation4DataV"
                          },
                          {
                            "kind": "TypeFunc",
                            "name": "Function",
                            "printedName": "(Swift.Bool) -> ()",
                            "children": [
                              {
                                "kind": "TypeNominal",
                                "name": "Void",
                                "printedName": "()"
                              },
                              {
                                "kind": "TypeNominal",
                                "name": "Bool",
                                "printedName": "Swift.Bool",
                                "usr": "s:Sb"
                              }
                            ]
                          }
                        ]
                      }
                    ]
                  }
                ],
                "declKind": "Var",
                "usr": "s:23UnbluAppIntegrityModule0bcD3ApiC06DeviceC8VerifierV17verifyAttestationyy10Foundation4DataV_A2IySbctcvp",
                "mangledName": "$s23UnbluAppIntegrityModule0bcD3ApiC06DeviceC8VerifierV17verifyAttestationyy10Foundation4DataV_A2IySbctcvp",
                "moduleName": "UnbluAppIntegrityModule",
                "declAttributes": [
                  "HasStorage",
                  "AccessControl"
                ],
                "isLet": true,
                "hasStorage": true,
                "accessors": [
                  {
                    "kind": "Accessor",
                    "name": "Get",
                    "printedName": "Get()",
                    "children": [
                      {
                        "kind": "TypeFunc",
                        "name": "Function",
                        "printedName": "(Foundation.Data, Foundation.Data, Foundation.Data, @escaping (Swift.Bool) -> ()) -> ()",
                        "children": [
                          {
                            "kind": "TypeNominal",
                            "name": "Void",
                            "printedName": "()"
                          },
                          {
                            "kind": "TypeNominal",
                            "name": "Tuple",
                            "printedName": "(Foundation.Data, Foundation.Data, Foundation.Data, (Swift.Bool) -> ())",
                            "children": [
                              {
                                "kind": "TypeNominal",
                                "name": "Data",
                                "printedName": "Foundation.Data",
                                "usr": "s:10Foundation4DataV"
                              },
                              {
                                "kind": "TypeNominal",
                                "name": "Data",
                                "printedName": "Foundation.Data",
                                "usr": "s:10Foundation4DataV"
                              },
                              {
                                "kind": "TypeNominal",
                                "name": "Data",
                                "printedName": "Foundation.Data",
                                "usr": "s:10Foundation4DataV"
                              },
                              {
                                "kind": "TypeFunc",
                                "name": "Function",
                                "printedName": "(Swift.Bool) -> ()",
                                "children": [
                                  {
                                    "kind": "TypeNominal",
                                    "name": "Void",
                                    "printedName": "()"
                                  },
                                  {
                                    "kind": "TypeNominal",
                                    "name": "Bool",
                                    "printedName": "Swift.Bool",
                                    "usr": "s:Sb"
                                  }
                                ]
                              }
                            ]
                          }
                        ]
                      }
                    ],
                    "declKind": "Accessor",
                    "usr": "s:23UnbluAppIntegrityModule0bcD3ApiC06DeviceC8VerifierV17verifyAttestationyy10Foundation4DataV_A2IySbctcvg",
                    "mangledName": "$s23UnbluAppIntegrityModule0bcD3ApiC06DeviceC8VerifierV17verifyAttestationyy10Foundation4DataV_A2IySbctcvg",
                    "moduleName": "UnbluAppIntegrityModule",
                    "implicit": true,
                    "accessorKind": "get"
                  }
                ]
              },
              {
                "kind": "Var",
                "name": "verifyAssertion",
                "printedName": "verifyAssertion",
                "children": [
                  {
                    "kind": "TypeFunc",
                    "name": "Function",
                    "printedName": "(Foundation.Data, Foundation.Data, Foundation.Data, @escaping (Swift.Bool) -> ()) -> ()",
                    "children": [
                      {
                        "kind": "TypeNominal",
                        "name": "Void",
                        "printedName": "()"
                      },
                      {
                        "kind": "TypeNominal",
                        "name": "Tuple",
                        "printedName": "(Foundation.Data, Foundation.Data, Foundation.Data, (Swift.Bool) -> ())",
                        "children": [
                          {
                            "kind": "TypeNominal",
                            "name": "Data",
                            "printedName": "Foundation.Data",
                            "usr": "s:10Foundation4DataV"
                          },
                          {
                            "kind": "TypeNominal",
                            "name": "Data",
                            "printedName": "Foundation.Data",
                            "usr": "s:10Foundation4DataV"
                          },
                          {
                            "kind": "TypeNominal",
                            "name": "Data",
                            "printedName": "Foundation.Data",
                            "usr": "s:10Foundation4DataV"
                          },
                          {
                            "kind": "TypeFunc",
                            "name": "Function",
                            "printedName": "(Swift.Bool) -> ()",
                            "children": [
                              {
                                "kind": "TypeNominal",
                                "name": "Void",
                                "printedName": "()"
                              },
                              {
                                "kind": "TypeNominal",
                                "name": "Bool",
                                "printedName": "Swift.Bool",
                                "usr": "s:Sb"
                              }
                            ]
                          }
                        ]
                      }
                    ]
                  }
                ],
                "declKind": "Var",
                "usr": "s:23UnbluAppIntegrityModule0bcD3ApiC06DeviceC8VerifierV15verifyAssertionyy10Foundation4DataV_A2IySbctcvp",
                "mangledName": "$s23UnbluAppIntegrityModule0bcD3ApiC06DeviceC8VerifierV15verifyAssertionyy10Foundation4DataV_A2IySbctcvp",
                "moduleName": "UnbluAppIntegrityModule",
                "declAttributes": [
                  "HasStorage",
                  "AccessControl"
                ],
                "isLet": true,
                "hasStorage": true,
                "accessors": [
                  {
                    "kind": "Accessor",
                    "name": "Get",
                    "printedName": "Get()",
                    "children": [
                      {
                        "kind": "TypeFunc",
                        "name": "Function",
                        "printedName": "(Foundation.Data, Foundation.Data, Foundation.Data, @escaping (Swift.Bool) -> ()) -> ()",
                        "children": [
                          {
                            "kind": "TypeNominal",
                            "name": "Void",
                            "printedName": "()"
                          },
                          {
                            "kind": "TypeNominal",
                            "name": "Tuple",
                            "printedName": "(Foundation.Data, Foundation.Data, Foundation.Data, (Swift.Bool) -> ())",
                            "children": [
                              {
                                "kind": "TypeNominal",
                                "name": "Data",
                                "printedName": "Foundation.Data",
                                "usr": "s:10Foundation4DataV"
                              },
                              {
                                "kind": "TypeNominal",
                                "name": "Data",
                                "printedName": "Foundation.Data",
                                "usr": "s:10Foundation4DataV"
                              },
                              {
                                "kind": "TypeNominal",
                                "name": "Data",
                                "printedName": "Foundation.Data",
                                "usr": "s:10Foundation4DataV"
                              },
                              {
                                "kind": "TypeFunc",
                                "name": "Function",
                                "printedName": "(Swift.Bool) -> ()",
                                "children": [
                                  {
                                    "kind": "TypeNominal",
                                    "name": "Void",
                                    "printedName": "()"
                                  },
                                  {
                                    "kind": "TypeNominal",
                                    "name": "Bool",
                                    "printedName": "Swift.Bool",
                                    "usr": "s:Sb"
                                  }
                                ]
                              }
                            ]
                          }
                        ]
                      }
                    ],
                    "declKind": "Accessor",
                    "usr": "s:23UnbluAppIntegrityModule0bcD3ApiC06DeviceC8VerifierV15verifyAssertionyy10Foundation4DataV_A2IySbctcvg",
                    "mangledName": "$s23UnbluAppIntegrityModule0bcD3ApiC06DeviceC8VerifierV15verifyAssertionyy10Foundation4DataV_A2IySbctcvg",
                    "moduleName": "UnbluAppIntegrityModule",
                    "implicit": true,
                    "accessorKind": "get"
                  }
                ]
              },
              {
                "kind": "Constructor",
                "name": "init",
                "printedName": "init(verifyDeviceToken:getChallenge:verifyAttestation:verifyAssertion:)",
                "children": [
                  {
                    "kind": "TypeNominal",
                    "name": "DeviceIntegrityVerifier",
                    "printedName": "UnbluAppIntegrityModule.AppIntegrityModuleApi.DeviceIntegrityVerifier",
                    "usr": "s:23UnbluAppIntegrityModule0bcD3ApiC06DeviceC8VerifierV"
                  },
                  {
                    "kind": "TypeFunc",
                    "name": "Function",
                    "printedName": "(Swift.String, @escaping (Swift.Bool) -> ()) -> ()",
                    "children": [
                      {
                        "kind": "TypeNominal",
                        "name": "Void",
                        "printedName": "()"
                      },
                      {
                        "kind": "TypeNominal",
                        "name": "Tuple",
                        "printedName": "(Swift.String, (Swift.Bool) -> ())",
                        "children": [
                          {
                            "kind": "TypeNominal",
                            "name": "String",
                            "printedName": "Swift.String",
                            "usr": "s:SS"
                          },
                          {
                            "kind": "TypeFunc",
                            "name": "Function",
                            "printedName": "(Swift.Bool) -> ()",
                            "children": [
                              {
                                "kind": "TypeNominal",
                                "name": "Void",
                                "printedName": "()"
                              },
                              {
                                "kind": "TypeNominal",
                                "name": "Bool",
                                "printedName": "Swift.Bool",
                                "usr": "s:Sb"
                              }
                            ]
                          }
                        ]
                      }
                    ]
                  },
                  {
                    "kind": "TypeFunc",
                    "name": "Function",
                    "printedName": "(@escaping (Swift.String) -> ()) -> ()",
                    "children": [
                      {
                        "kind": "TypeNominal",
                        "name": "Void",
                        "printedName": "()"
                      },
                      {
                        "kind": "TypeFunc",
                        "name": "Function",
                        "printedName": "(Swift.String) -> ()",
                        "children": [
                          {
                            "kind": "TypeNominal",
                            "name": "Void",
                            "printedName": "()"
                          },
                          {
                            "kind": "TypeNominal",
                            "name": "String",
                            "printedName": "Swift.String",
                            "usr": "s:SS"
                          }
                        ]
                      }
                    ]
                  },
                  {
                    "kind": "TypeFunc",
                    "name": "Function",
                    "printedName": "(Foundation.Data, Foundation.Data, Foundation.Data, @escaping (Swift.Bool) -> ()) -> ()",
                    "children": [
                      {
                        "kind": "TypeNominal",
                        "name": "Void",
                        "printedName": "()"
                      },
                      {
                        "kind": "TypeNominal",
                        "name": "Tuple",
                        "printedName": "(Foundation.Data, Foundation.Data, Foundation.Data, (Swift.Bool) -> ())",
                        "children": [
                          {
                            "kind": "TypeNominal",
                            "name": "Data",
                            "printedName": "Foundation.Data",
                            "usr": "s:10Foundation4DataV"
                          },
                          {
                            "kind": "TypeNominal",
                            "name": "Data",
                            "printedName": "Foundation.Data",
                            "usr": "s:10Foundation4DataV"
                          },
                          {
                            "kind": "TypeNominal",
                            "name": "Data",
                            "printedName": "Foundation.Data",
                            "usr": "s:10Foundation4DataV"
                          },
                          {
                            "kind": "TypeFunc",
                            "name": "Function",
                            "printedName": "(Swift.Bool) -> ()",
                            "children": [
                              {
                                "kind": "TypeNominal",
                                "name": "Void",
                                "printedName": "()"
                              },
                              {
                                "kind": "TypeNominal",
                                "name": "Bool",
                                "printedName": "Swift.Bool",
                                "usr": "s:Sb"
                              }
                            ]
                          }
                        ]
                      }
                    ]
                  },
                  {
                    "kind": "TypeFunc",
                    "name": "Function",
                    "printedName": "(Foundation.Data, Foundation.Data, Foundation.Data, @escaping (Swift.Bool) -> ()) -> ()",
                    "children": [
                      {
                        "kind": "TypeNominal",
                        "name": "Void",
                        "printedName": "()"
                      },
                      {
                        "kind": "TypeNominal",
                        "name": "Tuple",
                        "printedName": "(Foundation.Data, Foundation.Data, Foundation.Data, (Swift.Bool) -> ())",
                        "children": [
                          {
                            "kind": "TypeNominal",
                            "name": "Data",
                            "printedName": "Foundation.Data",
                            "usr": "s:10Foundation4DataV"
                          },
                          {
                            "kind": "TypeNominal",
                            "name": "Data",
                            "printedName": "Foundation.Data",
                            "usr": "s:10Foundation4DataV"
                          },
                          {
                            "kind": "TypeNominal",
                            "name": "Data",
                            "printedName": "Foundation.Data",
                            "usr": "s:10Foundation4DataV"
                          },
                          {
                            "kind": "TypeFunc",
                            "name": "Function",
                            "printedName": "(Swift.Bool) -> ()",
                            "children": [
                              {
                                "kind": "TypeNominal",
                                "name": "Void",
                                "printedName": "()"
                              },
                              {
                                "kind": "TypeNominal",
                                "name": "Bool",
                                "printedName": "Swift.Bool",
                                "usr": "s:Sb"
                              }
                            ]
                          }
                        ]
                      }
                    ]
                  }
                ],
                "declKind": "Constructor",
                "usr": "s:23UnbluAppIntegrityModule0bcD3ApiC06DeviceC8VerifierV06verifyF5Token12getChallenge0H11Attestation0H9AssertionAEySS_ySbctc_yySSccy10Foundation4DataV_A2LySbctcyAL_A2LySbctctcfc",
                "mangledName": "$s23UnbluAppIntegrityModule0bcD3ApiC06DeviceC8VerifierV06verifyF5Token12getChallenge0H11Attestation0H9AssertionAEySS_ySbctc_yySSccy10Foundation4DataV_A2LySbctcyAL_A2LySbctctcfc",
                "moduleName": "UnbluAppIntegrityModule",
                "declAttributes": [
                  "AccessControl"
                ],
                "init_kind": "Designated"
              }
            ],
            "declKind": "Struct",
            "usr": "s:23UnbluAppIntegrityModule0bcD3ApiC06DeviceC8VerifierV",
            "mangledName": "$s23UnbluAppIntegrityModule0bcD3ApiC06DeviceC8VerifierV",
            "moduleName": "UnbluAppIntegrityModule",
            "declAttributes": [
              "AccessControl",
              "RawDocComment"
            ],
            "isFromExtension": true,
            "conformances": [
              {
                "kind": "Conformance",
                "name": "Copyable",
                "printedName": "Copyable",
                "usr": "s:s8CopyableP",
                "mangledName": "$ss8CopyableP"
              },
              {
                "kind": "Conformance",
                "name": "Escapable",
                "printedName": "Escapable",
                "usr": "s:s9EscapableP",
                "mangledName": "$ss9EscapableP"
              }
            ]
          },
          {
            "kind": "Var",
            "name": "integrityVerifier",
            "printedName": "integrityVerifier",
            "children": [
              {
                "kind": "TypeNominal",
                "name": "Optional",
                "printedName": "UnbluAppIntegrityModule.AppIntegrityModuleApi.DeviceIntegrityVerifier?",
                "children": [
                  {
                    "kind": "TypeNominal",
                    "name": "DeviceIntegrityVerifier",
                    "printedName": "UnbluAppIntegrityModule.AppIntegrityModuleApi.DeviceIntegrityVerifier",
                    "usr": "s:23UnbluAppIntegrityModule0bcD3ApiC06DeviceC8VerifierV"
                  }
                ],
                "usr": "s:Sq"
              }
            ],
            "declKind": "Var",
            "usr": "s:23UnbluAppIntegrityModule0bcD3ApiC17integrityVerifierAC06DevicecG0VSgvpZ",
            "mangledName": "$s23UnbluAppIntegrityModule0bcD3ApiC17integrityVerifierAC06DevicecG0VSgvpZ",
            "moduleName": "UnbluAppIntegrityModule",
            "static": true,
            "declAttributes": [
              "HasInitialValue",
              "Final",
              "HasStorage",
              "AccessControl",
              "RawDocComment"
            ],
            "isFromExtension": true,
            "hasStorage": true,
            "accessors": [
              {
                "kind": "Accessor",
                "name": "Get",
                "printedName": "Get()",
                "children": [
                  {
                    "kind": "TypeNominal",
                    "name": "Optional",
                    "printedName": "UnbluAppIntegrityModule.AppIntegrityModuleApi.DeviceIntegrityVerifier?",
                    "children": [
                      {
                        "kind": "TypeNominal",
                        "name": "DeviceIntegrityVerifier",
                        "printedName": "UnbluAppIntegrityModule.AppIntegrityModuleApi.DeviceIntegrityVerifier",
                        "usr": "s:23UnbluAppIntegrityModule0bcD3ApiC06DeviceC8VerifierV"
                      }
                    ],
                    "usr": "s:Sq"
                  }
                ],
                "declKind": "Accessor",
                "usr": "s:23UnbluAppIntegrityModule0bcD3ApiC17integrityVerifierAC06DevicecG0VSgvgZ",
                "mangledName": "$s23UnbluAppIntegrityModule0bcD3ApiC17integrityVerifierAC06DevicecG0VSgvgZ",
                "moduleName": "UnbluAppIntegrityModule",
                "static": true,
                "implicit": true,
                "declAttributes": [
                  "Final"
                ],
                "isFromExtension": true,
                "accessorKind": "get"
              },
              {
                "kind": "Accessor",
                "name": "Set",
                "printedName": "Set()",
                "children": [
                  {
                    "kind": "TypeNominal",
                    "name": "Void",
                    "printedName": "()"
                  },
                  {
                    "kind": "TypeNominal",
                    "name": "Optional",
                    "printedName": "UnbluAppIntegrityModule.AppIntegrityModuleApi.DeviceIntegrityVerifier?",
                    "children": [
                      {
                        "kind": "TypeNominal",
                        "name": "DeviceIntegrityVerifier",
                        "printedName": "UnbluAppIntegrityModule.AppIntegrityModuleApi.DeviceIntegrityVerifier",
                        "usr": "s:23UnbluAppIntegrityModule0bcD3ApiC06DeviceC8VerifierV"
                      }
                    ],
                    "usr": "s:Sq"
                  }
                ],
                "declKind": "Accessor",
                "usr": "s:23UnbluAppIntegrityModule0bcD3ApiC17integrityVerifierAC06DevicecG0VSgvsZ",
                "mangledName": "$s23UnbluAppIntegrityModule0bcD3ApiC17integrityVerifierAC06DevicecG0VSgvsZ",
                "moduleName": "UnbluAppIntegrityModule",
                "static": true,
                "implicit": true,
                "declAttributes": [
                  "Final"
                ],
                "isFromExtension": true,
                "accessorKind": "set"
              },
              {
                "kind": "Accessor",
                "name": "Modify",
                "printedName": "Modify()",
                "children": [
                  {
                    "kind": "TypeNominal",
                    "name": "Void",
                    "printedName": "()"
                  }
                ],
                "declKind": "Accessor",
                "usr": "s:23UnbluAppIntegrityModule0bcD3ApiC17integrityVerifierAC06DevicecG0VSgvMZ",
                "mangledName": "$s23UnbluAppIntegrityModule0bcD3ApiC17integrityVerifierAC06DevicecG0VSgvMZ",
                "moduleName": "UnbluAppIntegrityModule",
                "static": true,
                "implicit": true,
                "declAttributes": [
                  "Final"
                ],
                "isFromExtension": true,
                "accessorKind": "_modify"
              }
            ]
          },
          {
            "kind": "Function",
            "name": "handleDeviceIntegrityChecks",
            "printedName": "handleDeviceIntegrityChecks(timeout:)",
            "children": [
              {
                "kind": "TypeNominal",
                "name": "Bool",
                "printedName": "Swift.Bool",
                "usr": "s:Sb"
              },
              {
                "kind": "TypeNominal",
                "name": "Double",
                "printedName": "Swift.Double",
                "hasDefaultArg": true,
                "usr": "s:Sd"
              }
            ],
            "declKind": "Func",
            "usr": "s:23UnbluAppIntegrityModule0bcD3ApiC012handleDeviceC6Checks7timeoutSbSd_tFZ",
            "mangledName": "$s23UnbluAppIntegrityModule0bcD3ApiC012handleDeviceC6Checks7timeoutSbSd_tFZ",
            "moduleName": "UnbluAppIntegrityModule",
            "static": true,
            "declAttributes": [
              "Final",
              "AccessControl",
              "RawDocComment"
            ],
            "isFromExtension": true,
            "funcSelfKind": "NonMutating"
          },
          {
            "kind": "Function",
            "name": "handleDeviceIntegrityChecks",
            "printedName": "handleDeviceIntegrityChecks(verifier:timeout:)",
            "children": [
              {
                "kind": "TypeNominal",
                "name": "Bool",
                "printedName": "Swift.Bool",
                "usr": "s:Sb"
              },
              {
                "kind": "TypeNominal",
                "name": "DeviceIntegrityVerifier",
                "printedName": "UnbluAppIntegrityModule.AppIntegrityModuleApi.DeviceIntegrityVerifier",
                "usr": "s:23UnbluAppIntegrityModule0bcD3ApiC06DeviceC8VerifierV"
              },
              {
                "kind": "TypeNominal",
                "name": "Double",
                "printedName": "Swift.Double",
                "hasDefaultArg": true,
                "usr": "s:Sd"
              }
            ],
            "declKind": "Func",
            "usr": "s:23UnbluAppIntegrityModule0bcD3ApiC012handleDeviceC6Checks8verifier7timeoutSbAC0gC8VerifierV_SdtFZ",
            "mangledName": "$s23UnbluAppIntegrityModule0bcD3ApiC012handleDeviceC6Checks8verifier7timeoutSbAC0gC8VerifierV_SdtFZ",
            "moduleName": "UnbluAppIntegrityModule",
            "static": true,
            "declAttributes": [
              "Final",
              "AccessControl",
              "RawDocComment"
            ],
            "isFromExtension": true,
            "funcSelfKind": "NonMutating"
          },
          {
            "kind": "Function",
            "name": "handleDeviceIntegrityChecks",
            "printedName": "handleDeviceIntegrityChecks(verifier:completion:)",
            "children": [
              {
                "kind": "TypeNominal",
                "name": "Void",
                "printedName": "()"
              },
              {
                "kind": "TypeNominal",
                "name": "DeviceIntegrityVerifier",
                "printedName": "UnbluAppIntegrityModule.AppIntegrityModuleApi.DeviceIntegrityVerifier",
                "usr": "s:23UnbluAppIntegrityModule0bcD3ApiC06DeviceC8VerifierV"
              },
              {
                "kind": "TypeFunc",
                "name": "Function",
                "printedName": "(Swift.Bool) -> ()",
                "children": [
                  {
                    "kind": "TypeNominal",
                    "name": "Void",
                    "printedName": "()"
                  },
                  {
                    "kind": "TypeNominal",
                    "name": "Bool",
                    "printedName": "Swift.Bool",
                    "usr": "s:Sb"
                  }
                ]
              }
            ],
            "declKind": "Func",
            "usr": "s:23UnbluAppIntegrityModule0bcD3ApiC012handleDeviceC6Checks8verifier10completionyAC0gC8VerifierV_ySbctFZ",
            "mangledName": "$s23UnbluAppIntegrityModule0bcD3ApiC012handleDeviceC6Checks8verifier10completionyAC0gC8VerifierV_ySbctFZ",
            "moduleName": "UnbluAppIntegrityModule",
            "static": true,
            "declAttributes": [
              "Final",
              "AccessControl",
              "RawDocComment"
            ],
            "isFromExtension": true,
            "funcSelfKind": "NonMutating"
          },
          {
            "kind": "Function",
            "name": "handleDeviceIntegrityChecks",
            "printedName": "handleDeviceIntegrityChecks(unbluAgent:completion:)",
            "children": [
              {
                "kind": "TypeNominal",
                "name": "Void",
                "printedName": "()"
              },
              {
                "kind": "TypeNominal",
                "name": "UnbluAgentClient",
                "printedName": "any UnbluCoreSDK.UnbluAgentClient",
                "usr": "s:12UnbluCoreSDK0A11AgentClientP"
              },
              {
                "kind": "TypeFunc",
                "name": "Function",
                "printedName": "(Swift.Bool) -> ()",
                "children": [
                  {
                    "kind": "TypeNominal",
                    "name": "Void",
                    "printedName": "()"
                  },
                  {
                    "kind": "TypeNominal",
                    "name": "Bool",
                    "printedName": "Swift.Bool",
                    "usr": "s:Sb"
                  }
                ]
              }
            ],
            "declKind": "Func",
            "usr": "s:23UnbluAppIntegrityModule0bcD3ApiC012handleDeviceC6Checks10unbluAgent10completiony0A7CoreSDK0aJ6Client_p_ySbctFZ",
            "mangledName": "$s23UnbluAppIntegrityModule0bcD3ApiC012handleDeviceC6Checks10unbluAgent10completiony0A7CoreSDK0aJ6Client_p_ySbctFZ",
            "moduleName": "UnbluAppIntegrityModule",
            "static": true,
            "declAttributes": [
              "Final",
              "AccessControl",
              "RawDocComment"
            ],
            "isFromExtension": true,
            "funcSelfKind": "NonMutating"
          },
          {
            "kind": "Var",
            "name": "isFirstLaunch",
            "printedName": "isFirstLaunch",
            "children": [
              {
                "kind": "TypeNominal",
                "name": "Bool",
                "printedName": "Swift.Bool",
                "usr": "s:Sb"
              }
            ],
            "declKind": "Var",
            "usr": "s:23UnbluAppIntegrityModule0bcD3ApiC13isFirstLaunchSbvp",
            "mangledName": "$s23UnbluAppIntegrityModule0bcD3ApiC13isFirstLaunchSbvp",
            "moduleName": "UnbluAppIntegrityModule",
            "declAttributes": [
              "AccessControl",
              "RawDocComment"
            ],
            "isFromExtension": true,
            "accessors": [
              {
                "kind": "Accessor",
                "name": "Get",
                "printedName": "Get()",
                "children": [
                  {
                    "kind": "TypeNominal",
                    "name": "Bool",
                    "printedName": "Swift.Bool",
                    "usr": "s:Sb"
                  }
                ],
                "declKind": "Accessor",
                "usr": "s:23UnbluAppIntegrityModule0bcD3ApiC13isFirstLaunchSbvg",
                "mangledName": "$s23UnbluAppIntegrityModule0bcD3ApiC13isFirstLaunchSbvg",
                "moduleName": "UnbluAppIntegrityModule",
                "isFromExtension": true,
                "accessorKind": "get"
              }
            ]
          },
          {
            "kind": "Function",
            "name": "getDeviceIdentifier",
            "printedName": "getDeviceIdentifier()",
            "children": [
              {
                "kind": "TypeNominal",
                "name": "String",
                "printedName": "Swift.String",
                "usr": "s:SS"
              }
            ],
            "declKind": "Func",
            "usr": "s:23UnbluAppIntegrityModule0bcD3ApiC19getDeviceIdentifierSSyF",
            "mangledName": "$s23UnbluAppIntegrityModule0bcD3ApiC19getDeviceIdentifierSSyF",
            "moduleName": "UnbluAppIntegrityModule",
            "declAttributes": [
              "AccessControl",
              "RawDocComment"
            ],
            "isFromExtension": true,
            "funcSelfKind": "NonMutating"
          },
          {
            "kind": "Function",
            "name": "generateKeyPair",
            "printedName": "generateKeyPair()",
            "children": [
              {
                "kind": "TypeNominal",
                "name": "Optional",
                "printedName": "Swift.String?",
                "children": [
                  {
                    "kind": "TypeNominal",
                    "name": "String",
                    "printedName": "Swift.String",
                    "usr": "s:SS"
                  }
                ],
                "usr": "s:Sq"
              }
            ],
            "declKind": "Func",
            "usr": "s:23UnbluAppIntegrityModule0bcD3ApiC15generateKeyPairSSSgyF",
            "mangledName": "$s23UnbluAppIntegrityModule0bcD3ApiC15generateKeyPairSSSgyF",
            "moduleName": "UnbluAppIntegrityModule",
            "declAttributes": [
              "AccessControl",
              "RawDocComment"
            ],
            "isFromExtension": true,
            "funcSelfKind": "NonMutating"
          },
          {
            "kind": "Function",
            "name": "signBindingChallenge",
            "printedName": "signBindingChallenge(challenge:)",
            "children": [
              {
                "kind": "TypeNominal",
                "name": "Optional",
                "printedName": "Swift.String?",
                "children": [
                  {
                    "kind": "TypeNominal",
                    "name": "String",
                    "printedName": "Swift.String",
                    "usr": "s:SS"
                  }
                ],
                "usr": "s:Sq"
              },
              {
                "kind": "TypeNominal",
                "name": "String",
                "printedName": "Swift.String",
                "usr": "s:SS"
              }
            ],
            "declKind": "Func",
            "usr": "s:23UnbluAppIntegrityModule0bcD3ApiC20signBindingChallenge9challengeSSSgSS_tF",
            "mangledName": "$s23UnbluAppIntegrityModule0bcD3ApiC20signBindingChallenge9challengeSSSgSS_tF",
            "moduleName": "UnbluAppIntegrityModule",
            "declAttributes": [
              "AccessControl",
              "RawDocComment"
            ],
            "isFromExtension": true,
            "funcSelfKind": "NonMutating"
          },
          {
            "kind": "Function",
            "name": "resetKeyPair",
            "printedName": "resetKeyPair()",
            "children": [
              {
                "kind": "TypeNominal",
                "name": "Bool",
                "printedName": "Swift.Bool",
                "usr": "s:Sb"
              }
            ],
            "declKind": "Func",
            "usr": "s:23UnbluAppIntegrityModule0bcD3ApiC12resetKeyPairSbyF",
            "mangledName": "$s23UnbluAppIntegrityModule0bcD3ApiC12resetKeyPairSbyF",
            "moduleName": "UnbluAppIntegrityModule",
            "declAttributes": [
              "AccessControl",
              "RawDocComment"
            ],
            "isFromExtension": true,
            "funcSelfKind": "NonMutating"
          },
          {
            "kind": "Function",
            "name": "disableMainWindowCaptureAndRecording",
            "printedName": "disableMainWindowCaptureAndRecording()",
            "children": [
              {
                "kind": "TypeNominal",
                "name": "Void",
                "printedName": "()"
              }
            ],
            "declKind": "Func",
            "usr": "s:23UnbluAppIntegrityModule0bcD3ApiC36disableMainWindowCaptureAndRecordingyyF",
            "mangledName": "$s23UnbluAppIntegrityModule0bcD3ApiC36disableMainWindowCaptureAndRecordingyyF",
            "moduleName": "UnbluAppIntegrityModule",
            "declAttributes": [
              "AccessControl",
              "RawDocComment"
            ],
            "isFromExtension": true,
            "funcSelfKind": "NonMutating"
          }
        ],
        "declKind": "Class",
        "usr": "s:23UnbluAppIntegrityModule0bcD3ApiC",
        "mangledName": "$s23UnbluAppIntegrityModule0bcD3ApiC",
        "moduleName": "UnbluAppIntegrityModule",
        "declAttributes": [
          "AccessControl"
        ],
        "hasMissingDesignatedInitializers": true,
        "conformances": [
          {
            "kind": "Conformance",
            "name": "Copyable",
            "printedName": "Copyable",
            "usr": "s:s8CopyableP",
            "mangledName": "$ss8CopyableP"
          },
          {
            "kind": "Conformance",
            "name": "Escapable",
            "printedName": "Escapable",
            "usr": "s:s9EscapableP",
            "mangledName": "$ss9EscapableP"
          }
        ]
      },
      {
        "kind": "Import",
        "name": "Foundation",
        "printedName": "Foundation",
        "declKind": "Import",
        "moduleName": "UnbluAppIntegrityModule",
        "declAttributes": [
          "RawDocComment"
        ]
      },
      {
        "kind": "Import",
        "name": "Foundation",
        "printedName": "Foundation",
        "declKind": "Import",
        "moduleName": "UnbluAppIntegrityModule",
        "declAttributes": [
          "RawDocComment"
        ]
      },
      {
        "kind": "Import",
        "name": "Security",
        "printedName": "Security",
        "declKind": "Import",
        "moduleName": "UnbluAppIntegrityModule"
      }
    ],
    "json_format_version": 8
  },
  "ConstValues": [
    {
      "filePath": "\/Users\/jenkins\/workspace\/workspace\/omponents_mobile_sdk-ios_develop\/UnbluAppIntegrityModule\/com.unblu.unblu-app-integrity-module\/internal\/DeviceIdentifier.swift",
      "kind": "StringLiteral",
      "offset": 466,
      "length": 37,
      "value": "\"com.unblu.appintegrity.uniqdeviceid\""
    },
    {
      "filePath": "\/Users\/jenkins\/workspace\/workspace\/omponents_mobile_sdk-ios_develop\/UnbluAppIntegrityModule\/com.unblu.unblu-app-integrity-module\/internal\/UnbluAppAttestManager.swift",
      "kind": "IntegerLiteral",
      "offset": 1269,
      "length": 1,
      "value": "3"
    },
    {
      "filePath": "\/Users\/jenkins\/workspace\/workspace\/omponents_mobile_sdk-ios_develop\/UnbluAppIntegrityModule\/com.unblu.unblu-app-integrity-module\/internal\/UnbluAppAttestManager.swift",
      "kind": "FloatLiteral",
      "offset": 1294,
      "length": 3,
      "value": "1.0"
    },
    {
      "filePath": "\/Users\/jenkins\/workspace\/workspace\/omponents_mobile_sdk-ios_develop\/UnbluAppIntegrityModule\/com.unblu.unblu-app-integrity-module\/AppIntegrityModuleApi.swift",
      "kind": "StringLiteral",
      "offset": 248,
      "length": 16,
      "value": "\"appAttestKeyId\""
    },
    {
      "filePath": "\/Users\/jenkins\/workspace\/workspace\/omponents_mobile_sdk-ios_develop\/UnbluAppIntegrityModule\/com.unblu.unblu-app-integrity-module\/AppIntegrityModuleApi.swift",
      "kind": "IntegerLiteral",
      "offset": 15599,
      "length": 2,
      "value": "20"
    },
    {
      "filePath": "\/Users\/jenkins\/workspace\/workspace\/omponents_mobile_sdk-ios_develop\/UnbluAppIntegrityModule\/com.unblu.unblu-app-integrity-module\/AppIntegrityModuleApi.swift",
      "kind": "IntegerLiteral",
      "offset": 16047,
      "length": 2,
      "value": "20"
    },
    {
      "filePath": "\/Users\/jenkins\/workspace\/workspace\/omponents_mobile_sdk-ios_develop\/UnbluAppIntegrityModule\/com.unblu.unblu-app-integrity-module\/internal\/DeviceKeyManager.swift",
      "kind": "StringLiteral",
      "offset": 505,
      "length": 35,
      "value": "\"com.unblu.appintegrity.privatekey\""
    },
    {
      "filePath": "\/Users\/jenkins\/workspace\/workspace\/omponents_mobile_sdk-ios_develop\/UnbluAppIntegrityModule\/com.unblu.unblu-app-integrity-module\/internal\/DeviceKeyManager.swift",
      "kind": "StringLiteral",
      "offset": 592,
      "length": 35,
      "value": "\"com.unblue.appintegrity.publickey\""
    }
  ]
}