{
  "ABIRoot": {
    "kind": "Root",
    "name": "UnbluDocumentCoBrowsingModule",
    "printedName": "UnbluDocumentCoBrowsingModule",
    "children": [
      {
        "kind": "Import",
        "name": "UIKit",
        "printedName": "UIKit",
        "declKind": "Import",
        "moduleName": "UnbluDocumentCoBrowsingModule",
        "declAttributes": [
          "RawDocComment"
        ]
      },
      {
        "kind": "Import",
        "name": "UnbluCoreSDK",
        "printedName": "UnbluCoreSDK",
        "declKind": "Import",
        "moduleName": "UnbluDocumentCoBrowsingModule"
      },
      {
        "kind": "TypeDecl",
        "name": "DocumentCoBrowsingPresentationMode",
        "printedName": "DocumentCoBrowsingPresentationMode",
        "children": [
          {
            "kind": "Var",
            "name": "default",
            "printedName": "default",
            "children": [
              {
                "kind": "TypeFunc",
                "name": "Function",
                "printedName": "(UnbluDocumentCoBrowsingModule.DocumentCoBrowsingPresentationMode.Type) -> UnbluDocumentCoBrowsingModule.DocumentCoBrowsingPresentationMode",
                "children": [
                  {
                    "kind": "TypeNominal",
                    "name": "DocumentCoBrowsingPresentationMode",
                    "printedName": "UnbluDocumentCoBrowsingModule.DocumentCoBrowsingPresentationMode",
                    "usr": "s:29UnbluDocumentCoBrowsingModule0bcD16PresentationModeO"
                  },
                  {
                    "kind": "TypeNominal",
                    "name": "Metatype",
                    "printedName": "UnbluDocumentCoBrowsingModule.DocumentCoBrowsingPresentationMode.Type",
                    "children": [
                      {
                        "kind": "TypeNominal",
                        "name": "DocumentCoBrowsingPresentationMode",
                        "printedName": "UnbluDocumentCoBrowsingModule.DocumentCoBrowsingPresentationMode",
                        "usr": "s:29UnbluDocumentCoBrowsingModule0bcD16PresentationModeO"
                      }
                    ]
                  }
                ]
              }
            ],
            "declKind": "EnumElement",
            "usr": "s:29UnbluDocumentCoBrowsingModule0bcD16PresentationModeO7defaultyA2CmF",
            "mangledName": "$s29UnbluDocumentCoBrowsingModule0bcD16PresentationModeO7defaultyA2CmF",
            "moduleName": "UnbluDocumentCoBrowsingModule",
            "declAttributes": [
              "RawDocComment"
            ]
          },
          {
            "kind": "Var",
            "name": "custom",
            "printedName": "custom",
            "children": [
              {
                "kind": "TypeFunc",
                "name": "Function",
                "printedName": "(UnbluDocumentCoBrowsingModule.DocumentCoBrowsingPresentationMode.Type) -> (@escaping (@escaping (Swift.Bool) -> ()) -> ()) -> UnbluDocumentCoBrowsingModule.DocumentCoBrowsingPresentationMode",
                "children": [
                  {
                    "kind": "TypeFunc",
                    "name": "Function",
                    "printedName": "(@escaping (@escaping (Swift.Bool) -> ()) -> ()) -> UnbluDocumentCoBrowsingModule.DocumentCoBrowsingPresentationMode",
                    "children": [
                      {
                        "kind": "TypeNominal",
                        "name": "DocumentCoBrowsingPresentationMode",
                        "printedName": "UnbluDocumentCoBrowsingModule.DocumentCoBrowsingPresentationMode",
                        "usr": "s:29UnbluDocumentCoBrowsingModule0bcD16PresentationModeO"
                      },
                      {
                        "kind": "TypeFunc",
                        "name": "Function",
                        "printedName": "(@escaping (Swift.Bool) -> ()) -> ()",
                        "children": [
                          {
                            "kind": "TypeNominal",
                            "name": "Void",
                            "printedName": "()"
                          },
                          {
                            "kind": "TypeFunc",
                            "name": "Function",
                            "printedName": "(Swift.Bool) -> ()",
                            "children": [
                              {
                                "kind": "TypeNominal",
                                "name": "Void",
                                "printedName": "()"
                              },
                              {
                                "kind": "TypeNominal",
                                "name": "Bool",
                                "printedName": "Swift.Bool",
                                "usr": "s:Sb"
                              }
                            ]
                          }
                        ]
                      }
                    ]
                  },
                  {
                    "kind": "TypeNominal",
                    "name": "Metatype",
                    "printedName": "UnbluDocumentCoBrowsingModule.DocumentCoBrowsingPresentationMode.Type",
                    "children": [
                      {
                        "kind": "TypeNominal",
                        "name": "DocumentCoBrowsingPresentationMode",
                        "printedName": "UnbluDocumentCoBrowsingModule.DocumentCoBrowsingPresentationMode",
                        "usr": "s:29UnbluDocumentCoBrowsingModule0bcD16PresentationModeO"
                      }
                    ]
                  }
                ]
              }
            ],
            "declKind": "EnumElement",
            "usr": "s:29UnbluDocumentCoBrowsingModule0bcD16PresentationModeO6customyACyySbcccACmF",
            "mangledName": "$s29UnbluDocumentCoBrowsingModule0bcD16PresentationModeO6customyACyySbcccACmF",
            "moduleName": "UnbluDocumentCoBrowsingModule",
            "declAttributes": [
              "RawDocComment"
            ]
          },
          {
            "kind": "Function",
            "name": "==",
            "printedName": "==(_:_:)",
            "children": [
              {
                "kind": "TypeNominal",
                "name": "Bool",
                "printedName": "Swift.Bool",
                "usr": "s:Sb"
              },
              {
                "kind": "TypeNominal",
                "name": "DocumentCoBrowsingPresentationMode",
                "printedName": "UnbluDocumentCoBrowsingModule.DocumentCoBrowsingPresentationMode",
                "usr": "s:29UnbluDocumentCoBrowsingModule0bcD16PresentationModeO"
              },
              {
                "kind": "TypeNominal",
                "name": "DocumentCoBrowsingPresentationMode",
                "printedName": "UnbluDocumentCoBrowsingModule.DocumentCoBrowsingPresentationMode",
                "usr": "s:29UnbluDocumentCoBrowsingModule0bcD16PresentationModeO"
              }
            ],
            "declKind": "Func",
            "usr": "s:29UnbluDocumentCoBrowsingModule0bcD16PresentationModeO2eeoiySbAC_ACtFZ",
            "mangledName": "$s29UnbluDocumentCoBrowsingModule0bcD16PresentationModeO2eeoiySbAC_ACtFZ",
            "moduleName": "UnbluDocumentCoBrowsingModule",
            "static": true,
            "declAttributes": [
              "AccessControl"
            ],
            "funcSelfKind": "NonMutating"
          }
        ],
        "declKind": "Enum",
        "usr": "s:29UnbluDocumentCoBrowsingModule0bcD16PresentationModeO",
        "mangledName": "$s29UnbluDocumentCoBrowsingModule0bcD16PresentationModeO",
        "moduleName": "UnbluDocumentCoBrowsingModule",
        "declAttributes": [
          "AccessControl",
          "RawDocComment"
        ],
        "conformances": [
          {
            "kind": "Conformance",
            "name": "Copyable",
            "printedName": "Copyable",
            "usr": "s:s8CopyableP",
            "mangledName": "$ss8CopyableP"
          },
          {
            "kind": "Conformance",
            "name": "Escapable",
            "printedName": "Escapable",
            "usr": "s:s9EscapableP",
            "mangledName": "$ss9EscapableP"
          },
          {
            "kind": "Conformance",
            "name": "Equatable",
            "printedName": "Equatable",
            "usr": "s:SQ",
            "mangledName": "$sSQ"
          }
        ]
      },
      {
        "kind": "TypeDecl",
        "name": "UnbluDocumentCoBrowsingModuleApi",
        "printedName": "UnbluDocumentCoBrowsingModuleApi",
        "children": [
          {
            "kind": "Var",
            "name": "presentationMode",
            "printedName": "presentationMode",
            "children": [
              {
                "kind": "TypeNominal",
                "name": "DocumentCoBrowsingPresentationMode",
                "printedName": "UnbluDocumentCoBrowsingModule.DocumentCoBrowsingPresentationMode",
                "usr": "s:29UnbluDocumentCoBrowsingModule0bcD16PresentationModeO"
              }
            ],
            "declKind": "Var",
            "usr": "s:29UnbluDocumentCoBrowsingModule0abcdE3ApiP16presentationModeAA0bcd12PresentationH0Ovp",
            "mangledName": "$s29UnbluDocumentCoBrowsingModule0abcdE3ApiP16presentationModeAA0bcd12PresentationH0Ovp",
            "moduleName": "UnbluDocumentCoBrowsingModule",
            "protocolReq": true,
            "declAttributes": [
              "RawDocComment"
            ],
            "accessors": [
              {
                "kind": "Accessor",
                "name": "Get",
                "printedName": "Get()",
                "children": [
                  {
                    "kind": "TypeNominal",
                    "name": "DocumentCoBrowsingPresentationMode",
                    "printedName": "UnbluDocumentCoBrowsingModule.DocumentCoBrowsingPresentationMode",
                    "usr": "s:29UnbluDocumentCoBrowsingModule0bcD16PresentationModeO"
                  }
                ],
                "declKind": "Accessor",
                "usr": "s:29UnbluDocumentCoBrowsingModule0abcdE3ApiP16presentationModeAA0bcd12PresentationH0Ovg",
                "mangledName": "$s29UnbluDocumentCoBrowsingModule0abcdE3ApiP16presentationModeAA0bcd12PresentationH0Ovg",
                "moduleName": "UnbluDocumentCoBrowsingModule",
                "genericSig": "<τ_0_0 where τ_0_0 : UnbluDocumentCoBrowsingModule.UnbluDocumentCoBrowsingModuleApi>",
                "sugared_genericSig": "<Self where Self : UnbluDocumentCoBrowsingModule.UnbluDocumentCoBrowsingModuleApi>",
                "protocolReq": true,
                "reqNewWitnessTableEntry": true,
                "accessorKind": "get"
              },
              {
                "kind": "Accessor",
                "name": "Set",
                "printedName": "Set()",
                "children": [
                  {
                    "kind": "TypeNominal",
                    "name": "Void",
                    "printedName": "()"
                  },
                  {
                    "kind": "TypeNominal",
                    "name": "DocumentCoBrowsingPresentationMode",
                    "printedName": "UnbluDocumentCoBrowsingModule.DocumentCoBrowsingPresentationMode",
                    "usr": "s:29UnbluDocumentCoBrowsingModule0bcD16PresentationModeO"
                  }
                ],
                "declKind": "Accessor",
                "usr": "s:29UnbluDocumentCoBrowsingModule0abcdE3ApiP16presentationModeAA0bcd12PresentationH0Ovs",
                "mangledName": "$s29UnbluDocumentCoBrowsingModule0abcdE3ApiP16presentationModeAA0bcd12PresentationH0Ovs",
                "moduleName": "UnbluDocumentCoBrowsingModule",
                "genericSig": "<τ_0_0 where τ_0_0 : UnbluDocumentCoBrowsingModule.UnbluDocumentCoBrowsingModuleApi>",
                "sugared_genericSig": "<Self where Self : UnbluDocumentCoBrowsingModule.UnbluDocumentCoBrowsingModuleApi>",
                "protocolReq": true,
                "reqNewWitnessTableEntry": true,
                "accessorKind": "set"
              },
              {
                "kind": "Accessor",
                "name": "Modify",
                "printedName": "Modify()",
                "children": [
                  {
                    "kind": "TypeNominal",
                    "name": "Void",
                    "printedName": "()"
                  }
                ],
                "declKind": "Accessor",
                "usr": "s:29UnbluDocumentCoBrowsingModule0abcdE3ApiP16presentationModeAA0bcd12PresentationH0OvM",
                "mangledName": "$s29UnbluDocumentCoBrowsingModule0abcdE3ApiP16presentationModeAA0bcd12PresentationH0OvM",
                "moduleName": "UnbluDocumentCoBrowsingModule",
                "genericSig": "<τ_0_0 where τ_0_0 : UnbluDocumentCoBrowsingModule.UnbluDocumentCoBrowsingModuleApi>",
                "sugared_genericSig": "<Self where Self : UnbluDocumentCoBrowsingModule.UnbluDocumentCoBrowsingModuleApi>",
                "protocolReq": true,
                "implicit": true,
                "reqNewWitnessTableEntry": true,
                "accessorKind": "_modify"
              }
            ]
          },
          {
            "kind": "Var",
            "name": "delegate",
            "printedName": "delegate",
            "children": [
              {
                "kind": "TypeNominal",
                "name": "Optional",
                "printedName": "(any UnbluDocumentCoBrowsingModule.UnbluDocumentCoBrowsingModuleDelegate)?",
                "children": [
                  {
                    "kind": "TypeNominal",
                    "name": "UnbluDocumentCoBrowsingModuleDelegate",
                    "printedName": "any UnbluDocumentCoBrowsingModule.UnbluDocumentCoBrowsingModuleDelegate",
                    "usr": "s:29UnbluDocumentCoBrowsingModule0abcdE8DelegateP"
                  }
                ],
                "usr": "s:Sq"
              }
            ],
            "declKind": "Var",
            "usr": "s:29UnbluDocumentCoBrowsingModule0abcdE3ApiP8delegateAA0abcdE8Delegate_pSgvp",
            "mangledName": "$s29UnbluDocumentCoBrowsingModule0abcdE3ApiP8delegateAA0abcdE8Delegate_pSgvp",
            "moduleName": "UnbluDocumentCoBrowsingModule",
            "protocolReq": true,
            "declAttributes": [
              "RawDocComment"
            ],
            "accessors": [
              {
                "kind": "Accessor",
                "name": "Get",
                "printedName": "Get()",
                "children": [
                  {
                    "kind": "TypeNominal",
                    "name": "Optional",
                    "printedName": "(any UnbluDocumentCoBrowsingModule.UnbluDocumentCoBrowsingModuleDelegate)?",
                    "children": [
                      {
                        "kind": "TypeNominal",
                        "name": "UnbluDocumentCoBrowsingModuleDelegate",
                        "printedName": "any UnbluDocumentCoBrowsingModule.UnbluDocumentCoBrowsingModuleDelegate",
                        "usr": "s:29UnbluDocumentCoBrowsingModule0abcdE8DelegateP"
                      }
                    ],
                    "usr": "s:Sq"
                  }
                ],
                "declKind": "Accessor",
                "usr": "s:29UnbluDocumentCoBrowsingModule0abcdE3ApiP8delegateAA0abcdE8Delegate_pSgvg",
                "mangledName": "$s29UnbluDocumentCoBrowsingModule0abcdE3ApiP8delegateAA0abcdE8Delegate_pSgvg",
                "moduleName": "UnbluDocumentCoBrowsingModule",
                "genericSig": "<τ_0_0 where τ_0_0 : UnbluDocumentCoBrowsingModule.UnbluDocumentCoBrowsingModuleApi>",
                "sugared_genericSig": "<Self where Self : UnbluDocumentCoBrowsingModule.UnbluDocumentCoBrowsingModuleApi>",
                "protocolReq": true,
                "reqNewWitnessTableEntry": true,
                "accessorKind": "get"
              },
              {
                "kind": "Accessor",
                "name": "Set",
                "printedName": "Set()",
                "children": [
                  {
                    "kind": "TypeNominal",
                    "name": "Void",
                    "printedName": "()"
                  },
                  {
                    "kind": "TypeNominal",
                    "name": "Optional",
                    "printedName": "(any UnbluDocumentCoBrowsingModule.UnbluDocumentCoBrowsingModuleDelegate)?",
                    "children": [
                      {
                        "kind": "TypeNominal",
                        "name": "UnbluDocumentCoBrowsingModuleDelegate",
                        "printedName": "any UnbluDocumentCoBrowsingModule.UnbluDocumentCoBrowsingModuleDelegate",
                        "usr": "s:29UnbluDocumentCoBrowsingModule0abcdE8DelegateP"
                      }
                    ],
                    "usr": "s:Sq"
                  }
                ],
                "declKind": "Accessor",
                "usr": "s:29UnbluDocumentCoBrowsingModule0abcdE3ApiP8delegateAA0abcdE8Delegate_pSgvs",
                "mangledName": "$s29UnbluDocumentCoBrowsingModule0abcdE3ApiP8delegateAA0abcdE8Delegate_pSgvs",
                "moduleName": "UnbluDocumentCoBrowsingModule",
                "genericSig": "<τ_0_0 where τ_0_0 : UnbluDocumentCoBrowsingModule.UnbluDocumentCoBrowsingModuleApi>",
                "sugared_genericSig": "<Self where Self : UnbluDocumentCoBrowsingModule.UnbluDocumentCoBrowsingModuleApi>",
                "protocolReq": true,
                "reqNewWitnessTableEntry": true,
                "accessorKind": "set"
              },
              {
                "kind": "Accessor",
                "name": "Modify",
                "printedName": "Modify()",
                "children": [
                  {
                    "kind": "TypeNominal",
                    "name": "Void",
                    "printedName": "()"
                  }
                ],
                "declKind": "Accessor",
                "usr": "s:29UnbluDocumentCoBrowsingModule0abcdE3ApiP8delegateAA0abcdE8Delegate_pSgvM",
                "mangledName": "$s29UnbluDocumentCoBrowsingModule0abcdE3ApiP8delegateAA0abcdE8Delegate_pSgvM",
                "moduleName": "UnbluDocumentCoBrowsingModule",
                "genericSig": "<τ_0_0 where τ_0_0 : UnbluDocumentCoBrowsingModule.UnbluDocumentCoBrowsingModuleApi>",
                "sugared_genericSig": "<Self where Self : UnbluDocumentCoBrowsingModule.UnbluDocumentCoBrowsingModuleApi>",
                "protocolReq": true,
                "implicit": true,
                "reqNewWitnessTableEntry": true,
                "accessorKind": "_modify"
              }
            ]
          },
          {
            "kind": "Function",
            "name": "isDocumentCoBrowsingActive",
            "printedName": "isDocumentCoBrowsingActive(success:)",
            "children": [
              {
                "kind": "TypeNominal",
                "name": "Void",
                "printedName": "()"
              },
              {
                "kind": "TypeFunc",
                "name": "Function",
                "printedName": "(Swift.Bool) -> ()",
                "children": [
                  {
                    "kind": "TypeNominal",
                    "name": "Void",
                    "printedName": "()"
                  },
                  {
                    "kind": "TypeNominal",
                    "name": "Bool",
                    "printedName": "Swift.Bool",
                    "usr": "s:Sb"
                  }
                ]
              }
            ],
            "declKind": "Func",
            "usr": "s:29UnbluDocumentCoBrowsingModule0abcdE3ApiP02isbcD6Active7successyySbc_tF",
            "mangledName": "$s29UnbluDocumentCoBrowsingModule0abcdE3ApiP02isbcD6Active7successyySbc_tF",
            "moduleName": "UnbluDocumentCoBrowsingModule",
            "genericSig": "<τ_0_0 where τ_0_0 : UnbluDocumentCoBrowsingModule.UnbluDocumentCoBrowsingModuleApi>",
            "sugared_genericSig": "<Self where Self : UnbluDocumentCoBrowsingModule.UnbluDocumentCoBrowsingModuleApi>",
            "protocolReq": true,
            "declAttributes": [
              "RawDocComment"
            ],
            "reqNewWitnessTableEntry": true,
            "funcSelfKind": "NonMutating"
          },
          {
            "kind": "Function",
            "name": "stopDocumentCoBrowsing",
            "printedName": "stopDocumentCoBrowsing(stopLayer:success:)",
            "children": [
              {
                "kind": "TypeNominal",
                "name": "Void",
                "printedName": "()"
              },
              {
                "kind": "TypeNominal",
                "name": "Bool",
                "printedName": "Swift.Bool",
                "usr": "s:Sb"
              },
              {
                "kind": "TypeFunc",
                "name": "Function",
                "printedName": "(Swift.Bool) -> ()",
                "children": [
                  {
                    "kind": "TypeNominal",
                    "name": "Void",
                    "printedName": "()"
                  },
                  {
                    "kind": "TypeNominal",
                    "name": "Bool",
                    "printedName": "Swift.Bool",
                    "usr": "s:Sb"
                  }
                ]
              }
            ],
            "declKind": "Func",
            "usr": "s:29UnbluDocumentCoBrowsingModule0abcdE3ApiP04stopbcD00G5Layer7successySb_ySbctF",
            "mangledName": "$s29UnbluDocumentCoBrowsingModule0abcdE3ApiP04stopbcD00G5Layer7successySb_ySbctF",
            "moduleName": "UnbluDocumentCoBrowsingModule",
            "genericSig": "<τ_0_0 where τ_0_0 : UnbluDocumentCoBrowsingModule.UnbluDocumentCoBrowsingModuleApi>",
            "sugared_genericSig": "<Self where Self : UnbluDocumentCoBrowsingModule.UnbluDocumentCoBrowsingModuleApi>",
            "protocolReq": true,
            "declAttributes": [
              "RawDocComment"
            ],
            "reqNewWitnessTableEntry": true,
            "funcSelfKind": "NonMutating"
          },
          {
            "kind": "Function",
            "name": "isDocumentCobrowsingBeingDismissed",
            "printedName": "isDocumentCobrowsingBeingDismissed(success:)",
            "children": [
              {
                "kind": "TypeNominal",
                "name": "Void",
                "printedName": "()"
              },
              {
                "kind": "TypeFunc",
                "name": "Function",
                "printedName": "(Swift.Bool) -> ()",
                "children": [
                  {
                    "kind": "TypeNominal",
                    "name": "Void",
                    "printedName": "()"
                  },
                  {
                    "kind": "TypeNominal",
                    "name": "Bool",
                    "printedName": "Swift.Bool",
                    "usr": "s:Sb"
                  }
                ]
              }
            ],
            "declKind": "Func",
            "usr": "s:29UnbluDocumentCoBrowsingModule0abcdE3ApiP02isB24CobrowsingBeingDismissed7successyySbc_tF",
            "mangledName": "$s29UnbluDocumentCoBrowsingModule0abcdE3ApiP02isB24CobrowsingBeingDismissed7successyySbc_tF",
            "moduleName": "UnbluDocumentCoBrowsingModule",
            "genericSig": "<τ_0_0 where τ_0_0 : UnbluDocumentCoBrowsingModule.UnbluDocumentCoBrowsingModuleApi>",
            "sugared_genericSig": "<Self where Self : UnbluDocumentCoBrowsingModule.UnbluDocumentCoBrowsingModuleApi>",
            "protocolReq": true,
            "declAttributes": [
              "RawDocComment"
            ],
            "reqNewWitnessTableEntry": true,
            "funcSelfKind": "NonMutating"
          },
          {
            "kind": "Function",
            "name": "showDocumentCoBrowsing",
            "printedName": "showDocumentCoBrowsing(success:)",
            "children": [
              {
                "kind": "TypeNominal",
                "name": "Void",
                "printedName": "()"
              },
              {
                "kind": "TypeFunc",
                "name": "Function",
                "printedName": "(Swift.Bool) -> ()",
                "children": [
                  {
                    "kind": "TypeNominal",
                    "name": "Void",
                    "printedName": "()"
                  },
                  {
                    "kind": "TypeNominal",
                    "name": "Bool",
                    "printedName": "Swift.Bool",
                    "usr": "s:Sb"
                  }
                ]
              }
            ],
            "declKind": "Func",
            "usr": "s:29UnbluDocumentCoBrowsingModule0abcdE3ApiP04showbcD07successyySbc_tF",
            "mangledName": "$s29UnbluDocumentCoBrowsingModule0abcdE3ApiP04showbcD07successyySbc_tF",
            "moduleName": "UnbluDocumentCoBrowsingModule",
            "genericSig": "<τ_0_0 where τ_0_0 : UnbluDocumentCoBrowsingModule.UnbluDocumentCoBrowsingModuleApi>",
            "sugared_genericSig": "<Self where Self : UnbluDocumentCoBrowsingModule.UnbluDocumentCoBrowsingModuleApi>",
            "protocolReq": true,
            "declAttributes": [
              "RawDocComment"
            ],
            "reqNewWitnessTableEntry": true,
            "funcSelfKind": "NonMutating"
          }
        ],
        "declKind": "Protocol",
        "usr": "s:29UnbluDocumentCoBrowsingModule0abcdE3ApiP",
        "mangledName": "$s29UnbluDocumentCoBrowsingModule0abcdE3ApiP",
        "moduleName": "UnbluDocumentCoBrowsingModule",
        "genericSig": "<τ_0_0 : UnbluCoreSDK.UnbluModule>",
        "sugared_genericSig": "<Self : UnbluCoreSDK.UnbluModule>",
        "declAttributes": [
          "AccessControl",
          "RawDocComment"
        ],
        "conformances": [
          {
            "kind": "Conformance",
            "name": "Escapable",
            "printedName": "Escapable",
            "usr": "s:s9EscapableP",
            "mangledName": "$ss9EscapableP"
          },
          {
            "kind": "Conformance",
            "name": "Copyable",
            "printedName": "Copyable",
            "usr": "s:s8CopyableP",
            "mangledName": "$ss8CopyableP"
          },
          {
            "kind": "Conformance",
            "name": "UnbluModule",
            "printedName": "UnbluModule",
            "usr": "s:12UnbluCoreSDK0A6ModuleP",
            "mangledName": "$s12UnbluCoreSDK0A6ModuleP"
          }
        ]
      },
      {
        "kind": "Import",
        "name": "UnbluCoreSDK",
        "printedName": "UnbluCoreSDK",
        "declKind": "Import",
        "moduleName": "UnbluDocumentCoBrowsingModule",
        "declAttributes": [
          "RawDocComment"
        ]
      },
      {
        "kind": "Import",
        "name": "Combine",
        "printedName": "Combine",
        "declKind": "Import",
        "moduleName": "UnbluDocumentCoBrowsingModule"
      },
      {
        "kind": "Import",
        "name": "PDFNet",
        "printedName": "PDFNet",
        "declKind": "Import",
        "moduleName": "UnbluDocumentCoBrowsingModule"
      },
      {
        "kind": "TypeDecl",
        "name": "DocCoBrowsingEventData",
        "printedName": "DocCoBrowsingEventData",
        "children": [
          {
            "kind": "Var",
            "name": "data",
            "printedName": "data",
            "children": [
              {
                "kind": "TypeNominal",
                "name": "Dictionary",
                "printedName": "[Swift.String : Any]",
                "children": [
                  {
                    "kind": "TypeNominal",
                    "name": "String",
                    "printedName": "Swift.String",
                    "usr": "s:SS"
                  },
                  {
                    "kind": "TypeNominal",
                    "name": "ProtocolComposition",
                    "printedName": "Any"
                  }
                ],
                "usr": "s:SD"
              }
            ],
            "declKind": "Var",
            "usr": "s:29UnbluDocumentCoBrowsingModule03DoccD9EventDataV4dataSDySSypGvp",
            "mangledName": "$s29UnbluDocumentCoBrowsingModule03DoccD9EventDataV4dataSDySSypGvp",
            "moduleName": "UnbluDocumentCoBrowsingModule",
            "declAttributes": [
              "HasStorage",
              "AccessControl"
            ],
            "isLet": true,
            "hasStorage": true,
            "accessors": [
              {
                "kind": "Accessor",
                "name": "Get",
                "printedName": "Get()",
                "children": [
                  {
                    "kind": "TypeNominal",
                    "name": "Dictionary",
                    "printedName": "[Swift.String : Any]",
                    "children": [
                      {
                        "kind": "TypeNominal",
                        "name": "String",
                        "printedName": "Swift.String",
                        "usr": "s:SS"
                      },
                      {
                        "kind": "TypeNominal",
                        "name": "ProtocolComposition",
                        "printedName": "Any"
                      }
                    ],
                    "usr": "s:SD"
                  }
                ],
                "declKind": "Accessor",
                "usr": "s:29UnbluDocumentCoBrowsingModule03DoccD9EventDataV4dataSDySSypGvg",
                "mangledName": "$s29UnbluDocumentCoBrowsingModule03DoccD9EventDataV4dataSDySSypGvg",
                "moduleName": "UnbluDocumentCoBrowsingModule",
                "implicit": true,
                "accessorKind": "get"
              }
            ]
          },
          {
            "kind": "Function",
            "name": "==",
            "printedName": "==(_:_:)",
            "children": [
              {
                "kind": "TypeNominal",
                "name": "Bool",
                "printedName": "Swift.Bool",
                "usr": "s:Sb"
              },
              {
                "kind": "TypeNominal",
                "name": "DocCoBrowsingEventData",
                "printedName": "UnbluDocumentCoBrowsingModule.DocCoBrowsingEventData",
                "usr": "s:29UnbluDocumentCoBrowsingModule03DoccD9EventDataV"
              },
              {
                "kind": "TypeNominal",
                "name": "DocCoBrowsingEventData",
                "printedName": "UnbluDocumentCoBrowsingModule.DocCoBrowsingEventData",
                "usr": "s:29UnbluDocumentCoBrowsingModule03DoccD9EventDataV"
              }
            ],
            "declKind": "Func",
            "usr": "s:29UnbluDocumentCoBrowsingModule03DoccD9EventDataV2eeoiySbAC_ACtFZ",
            "mangledName": "$s29UnbluDocumentCoBrowsingModule03DoccD9EventDataV2eeoiySbAC_ACtFZ",
            "moduleName": "UnbluDocumentCoBrowsingModule",
            "static": true,
            "declAttributes": [
              "AccessControl"
            ],
            "funcSelfKind": "NonMutating"
          }
        ],
        "declKind": "Struct",
        "usr": "s:29UnbluDocumentCoBrowsingModule03DoccD9EventDataV",
        "mangledName": "$s29UnbluDocumentCoBrowsingModule03DoccD9EventDataV",
        "moduleName": "UnbluDocumentCoBrowsingModule",
        "declAttributes": [
          "AccessControl"
        ],
        "conformances": [
          {
            "kind": "Conformance",
            "name": "Copyable",
            "printedName": "Copyable",
            "usr": "s:s8CopyableP",
            "mangledName": "$ss8CopyableP"
          },
          {
            "kind": "Conformance",
            "name": "Escapable",
            "printedName": "Escapable",
            "usr": "s:s9EscapableP",
            "mangledName": "$ss9EscapableP"
          },
          {
            "kind": "Conformance",
            "name": "Equatable",
            "printedName": "Equatable",
            "usr": "s:SQ",
            "mangledName": "$sSQ"
          }
        ]
      },
      {
        "kind": "Import",
        "name": "PDFNet",
        "printedName": "PDFNet",
        "declKind": "Import",
        "moduleName": "UnbluDocumentCoBrowsingModule",
        "declAttributes": [
          "RawDocComment"
        ]
      },
      {
        "kind": "Import",
        "name": "Tools",
        "printedName": "Tools",
        "declKind": "Import",
        "moduleName": "UnbluDocumentCoBrowsingModule"
      },
      {
        "kind": "Import",
        "name": "WebKit",
        "printedName": "WebKit",
        "declKind": "Import",
        "moduleName": "UnbluDocumentCoBrowsingModule"
      },
      {
        "kind": "Import",
        "name": "UnbluCoreSDK",
        "printedName": "UnbluCoreSDK",
        "declKind": "Import",
        "moduleName": "UnbluDocumentCoBrowsingModule"
      },
      {
        "kind": "TypeDecl",
        "name": "UnbluDocumentCoBrowsingModuleConfiguration",
        "printedName": "UnbluDocumentCoBrowsingModuleConfiguration",
        "children": [
          {
            "kind": "Constructor",
            "name": "init",
            "printedName": "init()",
            "children": [
              {
                "kind": "TypeNominal",
                "name": "UnbluDocumentCoBrowsingModuleConfiguration",
                "printedName": "UnbluDocumentCoBrowsingModule.UnbluDocumentCoBrowsingModuleConfiguration",
                "usr": "s:29UnbluDocumentCoBrowsingModule0abcdE13ConfigurationV"
              }
            ],
            "declKind": "Constructor",
            "usr": "s:29UnbluDocumentCoBrowsingModule0abcdE13ConfigurationVACycfc",
            "mangledName": "$s29UnbluDocumentCoBrowsingModule0abcdE13ConfigurationVACycfc",
            "moduleName": "UnbluDocumentCoBrowsingModule",
            "declAttributes": [
              "AccessControl"
            ],
            "init_kind": "Designated"
          }
        ],
        "declKind": "Struct",
        "usr": "s:29UnbluDocumentCoBrowsingModule0abcdE13ConfigurationV",
        "mangledName": "$s29UnbluDocumentCoBrowsingModule0abcdE13ConfigurationV",
        "moduleName": "UnbluDocumentCoBrowsingModule",
        "declAttributes": [
          "AccessControl",
          "RawDocComment"
        ],
        "conformances": [
          {
            "kind": "Conformance",
            "name": "Copyable",
            "printedName": "Copyable",
            "usr": "s:s8CopyableP",
            "mangledName": "$ss8CopyableP"
          },
          {
            "kind": "Conformance",
            "name": "Escapable",
            "printedName": "Escapable",
            "usr": "s:s9EscapableP",
            "mangledName": "$ss9EscapableP"
          }
        ]
      },
      {
        "kind": "Import",
        "name": "UIKit",
        "printedName": "UIKit",
        "declKind": "Import",
        "moduleName": "UnbluDocumentCoBrowsingModule",
        "declAttributes": [
          "RawDocComment"
        ]
      },
      {
        "kind": "TypeDecl",
        "name": "UnbluDocumentCoBrowsingModuleDelegate",
        "printedName": "UnbluDocumentCoBrowsingModuleDelegate",
        "children": [
          {
            "kind": "Function",
            "name": "unbluDocumentCoBrowsingModuleDidStartCoBrowsing",
            "printedName": "unbluDocumentCoBrowsingModuleDidStartCoBrowsing(_:_:)",
            "children": [
              {
                "kind": "TypeNominal",
                "name": "Void",
                "printedName": "()"
              },
              {
                "kind": "TypeNominal",
                "name": "UnbluDocumentCoBrowsingModuleApi",
                "printedName": "any UnbluDocumentCoBrowsingModule.UnbluDocumentCoBrowsingModuleApi",
                "usr": "s:29UnbluDocumentCoBrowsingModule0abcdE3ApiP"
              },
              {
                "kind": "TypeNominal",
                "name": "UIViewController",
                "printedName": "UIKit.UIViewController",
                "usr": "c:objc(cs)UIViewController"
              }
            ],
            "declKind": "Func",
            "usr": "s:29UnbluDocumentCoBrowsingModule0abcdE8DelegateP05unblubcde8DidStartcD0yyAA0abcdE3Api_p_So16UIViewControllerCtF",
            "mangledName": "$s29UnbluDocumentCoBrowsingModule0abcdE8DelegateP05unblubcde8DidStartcD0yyAA0abcdE3Api_p_So16UIViewControllerCtF",
            "moduleName": "UnbluDocumentCoBrowsingModule",
            "genericSig": "<τ_0_0 where τ_0_0 : UnbluDocumentCoBrowsingModule.UnbluDocumentCoBrowsingModuleDelegate>",
            "sugared_genericSig": "<Self where Self : UnbluDocumentCoBrowsingModule.UnbluDocumentCoBrowsingModuleDelegate>",
            "protocolReq": true,
            "declAttributes": [
              "RawDocComment"
            ],
            "reqNewWitnessTableEntry": true,
            "funcSelfKind": "NonMutating"
          },
          {
            "kind": "Function",
            "name": "unbluDocumentCoBrowsingModuleDidStopCoBrowsing",
            "printedName": "unbluDocumentCoBrowsingModuleDidStopCoBrowsing(_:)",
            "children": [
              {
                "kind": "TypeNominal",
                "name": "Void",
                "printedName": "()"
              },
              {
                "kind": "TypeNominal",
                "name": "UnbluDocumentCoBrowsingModuleApi",
                "printedName": "any UnbluDocumentCoBrowsingModule.UnbluDocumentCoBrowsingModuleApi",
                "usr": "s:29UnbluDocumentCoBrowsingModule0abcdE3ApiP"
              }
            ],
            "declKind": "Func",
            "usr": "s:29UnbluDocumentCoBrowsingModule0abcdE8DelegateP05unblubcde7DidStopcD0yyAA0abcdE3Api_pF",
            "mangledName": "$s29UnbluDocumentCoBrowsingModule0abcdE8DelegateP05unblubcde7DidStopcD0yyAA0abcdE3Api_pF",
            "moduleName": "UnbluDocumentCoBrowsingModule",
            "genericSig": "<τ_0_0 where τ_0_0 : UnbluDocumentCoBrowsingModule.UnbluDocumentCoBrowsingModuleDelegate>",
            "sugared_genericSig": "<Self where Self : UnbluDocumentCoBrowsingModule.UnbluDocumentCoBrowsingModuleDelegate>",
            "protocolReq": true,
            "declAttributes": [
              "RawDocComment"
            ],
            "reqNewWitnessTableEntry": true,
            "funcSelfKind": "NonMutating"
          },
          {
            "kind": "Function",
            "name": "unbluDocumentCoBrowsingModuleDidStartCoBrowsing",
            "printedName": "unbluDocumentCoBrowsingModuleDidStartCoBrowsing(_:_:)",
            "children": [
              {
                "kind": "TypeNominal",
                "name": "Void",
                "printedName": "()"
              },
              {
                "kind": "TypeNominal",
                "name": "UnbluDocumentCoBrowsingModuleApi",
                "printedName": "any UnbluDocumentCoBrowsingModule.UnbluDocumentCoBrowsingModuleApi",
                "usr": "s:29UnbluDocumentCoBrowsingModule0abcdE3ApiP"
              },
              {
                "kind": "TypeNominal",
                "name": "UIViewController",
                "printedName": "UIKit.UIViewController",
                "usr": "c:objc(cs)UIViewController"
              }
            ],
            "declKind": "Func",
            "usr": "s:29UnbluDocumentCoBrowsingModule0abcdE8DelegatePAAE05unblubcde8DidStartcD0yyAA0abcdE3Api_p_So16UIViewControllerCtF",
            "mangledName": "$s29UnbluDocumentCoBrowsingModule0abcdE8DelegatePAAE05unblubcde8DidStartcD0yyAA0abcdE3Api_p_So16UIViewControllerCtF",
            "moduleName": "UnbluDocumentCoBrowsingModule",
            "genericSig": "<τ_0_0 where τ_0_0 : UnbluDocumentCoBrowsingModule.UnbluDocumentCoBrowsingModuleDelegate>",
            "sugared_genericSig": "<Self where Self : UnbluDocumentCoBrowsingModule.UnbluDocumentCoBrowsingModuleDelegate>",
            "isFromExtension": true,
            "funcSelfKind": "NonMutating"
          },
          {
            "kind": "Function",
            "name": "unbluDocumentCoBrowsingModuleDidStopCoBrowsing",
            "printedName": "unbluDocumentCoBrowsingModuleDidStopCoBrowsing(_:)",
            "children": [
              {
                "kind": "TypeNominal",
                "name": "Void",
                "printedName": "()"
              },
              {
                "kind": "TypeNominal",
                "name": "UnbluDocumentCoBrowsingModuleApi",
                "printedName": "any UnbluDocumentCoBrowsingModule.UnbluDocumentCoBrowsingModuleApi",
                "usr": "s:29UnbluDocumentCoBrowsingModule0abcdE3ApiP"
              }
            ],
            "declKind": "Func",
            "usr": "s:29UnbluDocumentCoBrowsingModule0abcdE8DelegatePAAE05unblubcde7DidStopcD0yyAA0abcdE3Api_pF",
            "mangledName": "$s29UnbluDocumentCoBrowsingModule0abcdE8DelegatePAAE05unblubcde7DidStopcD0yyAA0abcdE3Api_pF",
            "moduleName": "UnbluDocumentCoBrowsingModule",
            "genericSig": "<τ_0_0 where τ_0_0 : UnbluDocumentCoBrowsingModule.UnbluDocumentCoBrowsingModuleDelegate>",
            "sugared_genericSig": "<Self where Self : UnbluDocumentCoBrowsingModule.UnbluDocumentCoBrowsingModuleDelegate>",
            "isFromExtension": true,
            "funcSelfKind": "NonMutating"
          }
        ],
        "declKind": "Protocol",
        "usr": "s:29UnbluDocumentCoBrowsingModule0abcdE8DelegateP",
        "mangledName": "$s29UnbluDocumentCoBrowsingModule0abcdE8DelegateP",
        "moduleName": "UnbluDocumentCoBrowsingModule",
        "genericSig": "<τ_0_0 : AnyObject>",
        "sugared_genericSig": "<Self : AnyObject>",
        "declAttributes": [
          "AccessControl",
          "RawDocComment"
        ],
        "conformances": [
          {
            "kind": "Conformance",
            "name": "Escapable",
            "printedName": "Escapable",
            "usr": "s:s9EscapableP",
            "mangledName": "$ss9EscapableP"
          },
          {
            "kind": "Conformance",
            "name": "Copyable",
            "printedName": "Copyable",
            "usr": "s:s8CopyableP",
            "mangledName": "$ss8CopyableP"
          }
        ]
      },
      {
        "kind": "Import",
        "name": "Foundation",
        "printedName": "Foundation",
        "declKind": "Import",
        "moduleName": "UnbluDocumentCoBrowsingModule",
        "declAttributes": [
          "RawDocComment"
        ]
      },
      {
        "kind": "TypeDecl",
        "name": "UnbluDocumentCoBrowsingModuleProvider",
        "printedName": "UnbluDocumentCoBrowsingModuleProvider",
        "children": [
          {
            "kind": "Function",
            "name": "create",
            "printedName": "create(config:)",
            "children": [
              {
                "kind": "TypeNominal",
                "name": "UnbluDocumentCoBrowsingModuleApi",
                "printedName": "any UnbluDocumentCoBrowsingModule.UnbluDocumentCoBrowsingModuleApi",
                "usr": "s:29UnbluDocumentCoBrowsingModule0abcdE3ApiP"
              },
              {
                "kind": "TypeNominal",
                "name": "UnbluDocumentCoBrowsingModuleConfiguration",
                "printedName": "UnbluDocumentCoBrowsingModule.UnbluDocumentCoBrowsingModuleConfiguration",
                "hasDefaultArg": true,
                "usr": "s:29UnbluDocumentCoBrowsingModule0abcdE13ConfigurationV"
              }
            ],
            "declKind": "Func",
            "usr": "s:29UnbluDocumentCoBrowsingModule0abcdE8ProviderC6create6configAA0abcdE3Api_pAA0abcdE13ConfigurationV_tFZ",
            "mangledName": "$s29UnbluDocumentCoBrowsingModule0abcdE8ProviderC6create6configAA0abcdE3Api_pAA0abcdE13ConfigurationV_tFZ",
            "moduleName": "UnbluDocumentCoBrowsingModule",
            "static": true,
            "declAttributes": [
              "Final",
              "AccessControl"
            ],
            "funcSelfKind": "NonMutating"
          }
        ],
        "declKind": "Class",
        "usr": "s:29UnbluDocumentCoBrowsingModule0abcdE8ProviderC",
        "mangledName": "$s29UnbluDocumentCoBrowsingModule0abcdE8ProviderC",
        "moduleName": "UnbluDocumentCoBrowsingModule",
        "declAttributes": [
          "AccessControl",
          "RawDocComment"
        ],
        "hasMissingDesignatedInitializers": true,
        "conformances": [
          {
            "kind": "Conformance",
            "name": "Copyable",
            "printedName": "Copyable",
            "usr": "s:s8CopyableP",
            "mangledName": "$ss8CopyableP"
          },
          {
            "kind": "Conformance",
            "name": "Escapable",
            "printedName": "Escapable",
            "usr": "s:s9EscapableP",
            "mangledName": "$ss9EscapableP"
          }
        ]
      }
    ],
    "json_format_version": 8
  },
  "ConstValues": [
    {
      "filePath": "\/Users\/jenkins\/workspace\/workspace\/omponents_mobile_sdk-ios_develop\/UnbluDocumentCoBrowsingModule\/com.unblu.unblu-document-cobrowsing-module\/internal\/DocumentCoBrowsingModule.swift",
      "kind": "Array",
      "offset": 562,
      "length": 22,
      "value": "[\"DocumentCoBrowsing\"]"
    },
    {
      "filePath": "\/Users\/jenkins\/workspace\/workspace\/omponents_mobile_sdk-ios_develop\/UnbluDocumentCoBrowsingModule\/com.unblu.unblu-document-cobrowsing-module\/internal\/DocumentCoBrowsingModule.swift",
      "kind": "BooleanLiteral",
      "offset": 1410,
      "length": 5,
      "value": "false"
    },
    {
      "filePath": "\/Users\/jenkins\/workspace\/workspace\/omponents_mobile_sdk-ios_develop\/UnbluDocumentCoBrowsingModule\/com.unblu.unblu-document-cobrowsing-module\/internal\/DocumentCoBrowsingModule.swift",
      "kind": "StringLiteral",
      "offset": 10582,
      "length": 27,
      "value": "\"AvailableSizeChangedEvent\""
    },
    {
      "filePath": "\/Users\/jenkins\/workspace\/workspace\/omponents_mobile_sdk-ios_develop\/UnbluDocumentCoBrowsingModule\/com.unblu.unblu-document-cobrowsing-module\/internal\/DocumentCoBrowsingModule.swift",
      "kind": "StringLiteral",
      "offset": 10626,
      "length": 6,
      "value": "\"zoom\""
    },
    {
      "filePath": "\/Users\/jenkins\/workspace\/workspace\/omponents_mobile_sdk-ios_develop\/UnbluDocumentCoBrowsingModule\/com.unblu.unblu-document-cobrowsing-module\/internal\/DocumentCoBrowsingModule.swift",
      "kind": "StringLiteral",
      "offset": 10650,
      "length": 8,
      "value": "\"scroll\""
    },
    {
      "filePath": "\/Users\/jenkins\/workspace\/workspace\/omponents_mobile_sdk-ios_develop\/UnbluDocumentCoBrowsingModule\/com.unblu.unblu-document-cobrowsing-module\/internal\/DocumentCoBrowsingModule.swift",
      "kind": "StringLiteral",
      "offset": 10946,
      "length": 31,
      "value": "\"UnbluDocumentCoBrowsingModule\""
    },
    {
      "filePath": "\/Users\/jenkins\/workspace\/workspace\/omponents_mobile_sdk-ios_develop\/UnbluDocumentCoBrowsingModule\/com.unblu.unblu-document-cobrowsing-module\/internal\/DocumentCoBrowsingModule.swift",
      "kind": "StringLiteral",
      "offset": 11056,
      "length": 13,
      "value": "\"MarkerEvent\""
    },
    {
      "filePath": "\/Users\/jenkins\/workspace\/workspace\/omponents_mobile_sdk-ios_develop\/UnbluDocumentCoBrowsingModule\/com.unblu.unblu-document-cobrowsing-module\/internal\/DocumentCoBrowsingModule.swift",
      "kind": "StringLiteral",
      "offset": 11094,
      "length": 14,
      "value": "\"PointerEvent\""
    },
    {
      "filePath": "\/Users\/jenkins\/workspace\/workspace\/omponents_mobile_sdk-ios_develop\/UnbluDocumentCoBrowsingModule\/com.unblu.unblu-document-cobrowsing-module\/internal\/DocumentCoBrowsingModule.swift",
      "kind": "StringLiteral",
      "offset": 11146,
      "length": 27,
      "value": "\"AvailableSizeChangedEvent\""
    },
    {
      "filePath": "\/Users\/jenkins\/workspace\/workspace\/omponents_mobile_sdk-ios_develop\/UnbluDocumentCoBrowsingModule\/com.unblu.unblu-document-cobrowsing-module\/internal\/DocumentCoBrowsingModule.swift",
      "kind": "StringLiteral",
      "offset": 12194,
      "length": 8,
      "value": "\"addTab\""
    },
    {
      "filePath": "\/Users\/jenkins\/workspace\/workspace\/omponents_mobile_sdk-ios_develop\/UnbluDocumentCoBrowsingModule\/com.unblu.unblu-document-cobrowsing-module\/internal\/DocumentCoBrowsingModule.swift",
      "kind": "StringLiteral",
      "offset": 12224,
      "length": 10,
      "value": "\"closeTab\""
    },
    {
      "filePath": "\/Users\/jenkins\/workspace\/workspace\/omponents_mobile_sdk-ios_develop\/UnbluDocumentCoBrowsingModule\/com.unblu.unblu-document-cobrowsing-module\/internal\/DocumentCoBrowsingModule.swift",
      "kind": "StringLiteral",
      "offset": 12257,
      "length": 11,
      "value": "\"switchTab\""
    },
    {
      "filePath": "\/Users\/jenkins\/workspace\/workspace\/omponents_mobile_sdk-ios_develop\/UnbluDocumentCoBrowsingModule\/com.unblu.unblu-document-cobrowsing-module\/internal\/DocumentCoBrowsingModule.swift",
      "kind": "StringLiteral",
      "offset": 12300,
      "length": 20,
      "value": "\"setAnnotationOwner\""
    },
    {
      "filePath": "\/Users\/jenkins\/workspace\/workspace\/omponents_mobile_sdk-ios_develop\/UnbluDocumentCoBrowsingModule\/com.unblu.unblu-document-cobrowsing-module\/internal\/DocumentCoBrowsingModule.swift",
      "kind": "StringLiteral",
      "offset": 12350,
      "length": 18,
      "value": "\"deleteAnnotation\""
    },
    {
      "filePath": "\/Users\/jenkins\/workspace\/workspace\/omponents_mobile_sdk-ios_develop\/UnbluDocumentCoBrowsingModule\/com.unblu.unblu-document-cobrowsing-module\/internal\/DocumentCoBrowsingModule.swift",
      "kind": "StringLiteral",
      "offset": 12388,
      "length": 8,
      "value": "\"zoomTo\""
    },
    {
      "filePath": "\/Users\/jenkins\/workspace\/workspace\/omponents_mobile_sdk-ios_develop\/UnbluDocumentCoBrowsingModule\/com.unblu.unblu-document-cobrowsing-module\/internal\/DocumentCoBrowsingModule.swift",
      "kind": "StringLiteral",
      "offset": 12424,
      "length": 16,
      "value": "\"setDisplayMode\""
    },
    {
      "filePath": "\/Users\/jenkins\/workspace\/workspace\/omponents_mobile_sdk-ios_develop\/UnbluDocumentCoBrowsingModule\/com.unblu.unblu-document-cobrowsing-module\/internal\/DocumentCoBrowsingModule.swift",
      "kind": "StringLiteral",
      "offset": 12468,
      "length": 16,
      "value": "\"setCurrentPage\""
    },
    {
      "filePath": "\/Users\/jenkins\/workspace\/workspace\/omponents_mobile_sdk-ios_develop\/UnbluDocumentCoBrowsingModule\/com.unblu.unblu-document-cobrowsing-module\/internal\/DocumentCoBrowsingModule.swift",
      "kind": "StringLiteral",
      "offset": 12506,
      "length": 10,
      "value": "\"scrollTo\""
    },
    {
      "filePath": "\/Users\/jenkins\/workspace\/workspace\/omponents_mobile_sdk-ios_develop\/UnbluDocumentCoBrowsingModule\/com.unblu.unblu-document-cobrowsing-module\/internal\/DocumentCoBrowsingModule.swift",
      "kind": "StringLiteral",
      "offset": 12540,
      "length": 12,
      "value": "\"importXFDF\""
    },
    {
      "filePath": "\/Users\/jenkins\/workspace\/workspace\/omponents_mobile_sdk-ios_develop\/UnbluDocumentCoBrowsingModule\/com.unblu.unblu-document-cobrowsing-module\/internal\/DocumentSyncController.swift",
      "kind": "StringLiteral",
      "offset": 316,
      "length": 8,
      "value": "\"atomic\""
    },
    {
      "filePath": "\/Users\/jenkins\/workspace\/workspace\/omponents_mobile_sdk-ios_develop\/UnbluDocumentCoBrowsingModule\/com.unblu.unblu-document-cobrowsing-module\/internal\/DocumentSyncController.swift",
      "kind": "StringLiteral",
      "offset": 1269,
      "length": 36,
      "value": "\"com.unblu.documentSync.accessQueue\""
    },
    {
      "filePath": "\/Users\/jenkins\/workspace\/workspace\/omponents_mobile_sdk-ios_develop\/UnbluDocumentCoBrowsingModule\/com.unblu.unblu-document-cobrowsing-module\/internal\/DocumentSyncController.swift",
      "kind": "Dictionary",
      "offset": 1362,
      "length": 3,
      "value": "[]"
    },
    {
      "filePath": "\/Users\/jenkins\/workspace\/workspace\/omponents_mobile_sdk-ios_develop\/UnbluDocumentCoBrowsingModule\/com.unblu.unblu-document-cobrowsing-module\/internal\/DocumentSyncController.swift",
      "kind": "BooleanLiteral",
      "offset": 1626,
      "length": 5,
      "value": "false"
    },
    {
      "filePath": "\/Users\/jenkins\/workspace\/workspace\/omponents_mobile_sdk-ios_develop\/UnbluDocumentCoBrowsingModule\/com.unblu.unblu-document-cobrowsing-module\/internal\/DocumentSyncController.swift",
      "kind": "FloatLiteral",
      "offset": 1659,
      "length": 3,
      "value": "5.0"
    },
    {
      "filePath": "\/Users\/jenkins\/workspace\/workspace\/omponents_mobile_sdk-ios_develop\/UnbluDocumentCoBrowsingModule\/com.unblu.unblu-document-cobrowsing-module\/internal\/DocumentSyncController.swift",
      "kind": "Dictionary",
      "offset": 2170,
      "length": 3,
      "value": "[]"
    },
    {
      "filePath": "\/Users\/jenkins\/workspace\/workspace\/omponents_mobile_sdk-ios_develop\/UnbluDocumentCoBrowsingModule\/com.unblu.unblu-document-cobrowsing-module\/internal\/DocumentSyncController.swift",
      "kind": "Dictionary",
      "offset": 2216,
      "length": 3,
      "value": "[]"
    },
    {
      "filePath": "\/Users\/jenkins\/workspace\/workspace\/omponents_mobile_sdk-ios_develop\/UnbluDocumentCoBrowsingModule\/com.unblu.unblu-document-cobrowsing-module\/internal\/DocumentSyncController.swift",
      "kind": "IntegerLiteral",
      "offset": 2256,
      "length": 1,
      "value": "7"
    },
    {
      "filePath": "\/Users\/jenkins\/workspace\/workspace\/omponents_mobile_sdk-ios_develop\/UnbluDocumentCoBrowsingModule\/com.unblu.unblu-document-cobrowsing-module\/internal\/DocumentSyncController.swift",
      "kind": "FloatLiteral",
      "offset": 2311,
      "length": 3,
      "value": "0.7"
    },
    {
      "filePath": "\/Users\/jenkins\/workspace\/workspace\/omponents_mobile_sdk-ios_develop\/UnbluDocumentCoBrowsingModule\/com.unblu.unblu-document-cobrowsing-module\/internal\/DocumentSyncController.swift",
      "kind": "FloatLiteral",
      "offset": 2361,
      "length": 3,
      "value": "0.3"
    },
    {
      "filePath": "\/Users\/jenkins\/workspace\/workspace\/omponents_mobile_sdk-ios_develop\/UnbluDocumentCoBrowsingModule\/com.unblu.unblu-document-cobrowsing-module\/internal\/DocumentSyncController.swift",
      "kind": "FloatLiteral",
      "offset": 2404,
      "length": 3,
      "value": "0.3"
    },
    {
      "filePath": "\/Users\/jenkins\/workspace\/workspace\/omponents_mobile_sdk-ios_develop\/UnbluDocumentCoBrowsingModule\/com.unblu.unblu-document-cobrowsing-module\/internal\/DocumentSyncController.swift",
      "kind": "StringLiteral",
      "offset": 2721,
      "length": 35,
      "value": "\"com.unblu.documentSync.eventQueue\""
    },
    {
      "filePath": "\/Users\/jenkins\/workspace\/workspace\/omponents_mobile_sdk-ios_develop\/UnbluDocumentCoBrowsingModule\/com.unblu.unblu-document-cobrowsing-module\/internal\/DocumentSyncController.swift",
      "kind": "FloatLiteral",
      "offset": 2875,
      "length": 3,
      "value": "0.1"
    },
    {
      "filePath": "\/Users\/jenkins\/workspace\/workspace\/omponents_mobile_sdk-ios_develop\/UnbluDocumentCoBrowsingModule\/com.unblu.unblu-document-cobrowsing-module\/internal\/DocumentSyncController.swift",
      "kind": "Array",
      "offset": 3177,
      "length": 2,
      "value": "[]"
    },
    {
      "filePath": "\/Users\/jenkins\/workspace\/workspace\/omponents_mobile_sdk-ios_develop\/UnbluDocumentCoBrowsingModule\/com.unblu.unblu-document-cobrowsing-module\/internal\/DocumentSyncController.swift",
      "kind": "Array",
      "offset": 3227,
      "length": 2,
      "value": "[]"
    },
    {
      "filePath": "\/Users\/jenkins\/workspace\/workspace\/omponents_mobile_sdk-ios_develop\/UnbluDocumentCoBrowsingModule\/com.unblu.unblu-document-cobrowsing-module\/internal\/DocumentSyncController.swift",
      "kind": "FloatLiteral",
      "offset": 3279,
      "length": 3,
      "value": "2.0"
    },
    {
      "filePath": "\/Users\/jenkins\/workspace\/workspace\/omponents_mobile_sdk-ios_develop\/UnbluDocumentCoBrowsingModule\/com.unblu.unblu-document-cobrowsing-module\/internal\/DocumentSyncController.swift",
      "kind": "FloatLiteral",
      "offset": 3321,
      "length": 5,
      "value": "0.001"
    },
    {
      "filePath": "\/Users\/jenkins\/workspace\/workspace\/omponents_mobile_sdk-ios_develop\/UnbluDocumentCoBrowsingModule\/com.unblu.unblu-document-cobrowsing-module\/internal\/DocumentSyncController.swift",
      "kind": "FloatLiteral",
      "offset": 3365,
      "length": 5,
      "value": "0.001"
    },
    {
      "filePath": "\/Users\/jenkins\/workspace\/workspace\/omponents_mobile_sdk-ios_develop\/UnbluDocumentCoBrowsingModule\/com.unblu.unblu-document-cobrowsing-module\/internal\/DocumentSyncController.swift",
      "kind": "IntegerLiteral",
      "offset": 3402,
      "length": 1,
      "value": "2"
    },
    {
      "filePath": "\/Users\/jenkins\/workspace\/workspace\/omponents_mobile_sdk-ios_develop\/UnbluDocumentCoBrowsingModule\/com.unblu.unblu-document-cobrowsing-module\/internal\/DocumentSyncController.swift",
      "kind": "IntegerLiteral",
      "offset": 3435,
      "length": 1,
      "value": "2"
    },
    {
      "filePath": "\/Users\/jenkins\/workspace\/workspace\/omponents_mobile_sdk-ios_develop\/UnbluDocumentCoBrowsingModule\/com.unblu.unblu-document-cobrowsing-module\/internal\/DocumentSyncController.swift",
      "kind": "BooleanLiteral",
      "offset": 3484,
      "length": 5,
      "value": "false"
    },
    {
      "filePath": "\/Users\/jenkins\/workspace\/workspace\/omponents_mobile_sdk-ios_develop\/UnbluDocumentCoBrowsingModule\/com.unblu.unblu-document-cobrowsing-module\/internal\/DocumentSyncController.swift",
      "kind": "BooleanLiteral",
      "offset": 3533,
      "length": 5,
      "value": "false"
    },
    {
      "filePath": "\/Users\/jenkins\/workspace\/workspace\/omponents_mobile_sdk-ios_develop\/UnbluDocumentCoBrowsingModule\/com.unblu.unblu-document-cobrowsing-module\/internal\/DocumentSyncController.swift",
      "kind": "FloatLiteral",
      "offset": 3566,
      "length": 3,
      "value": "1.0"
    },
    {
      "filePath": "\/Users\/jenkins\/workspace\/workspace\/omponents_mobile_sdk-ios_develop\/UnbluDocumentCoBrowsingModule\/com.unblu.unblu-document-cobrowsing-module\/internal\/DocumentSyncController.swift",
      "kind": "Dictionary",
      "offset": 3621,
      "length": 3,
      "value": "[]"
    },
    {
      "filePath": "\/Users\/jenkins\/workspace\/workspace\/omponents_mobile_sdk-ios_develop\/UnbluDocumentCoBrowsingModule\/com.unblu.unblu-document-cobrowsing-module\/internal\/DocumentSyncController.swift",
      "kind": "FloatLiteral",
      "offset": 16927,
      "length": 3,
      "value": "3.0"
    }
  ]
}