{
  "ABIRoot": {
    "kind": "Root",
    "name": "TopLevel",
    "printedName": "TopLevel",
    "children": [
      {
        "kind": "Import",
        "name": "Foundation",
        "printedName": "Foundation",
        "declKind": "Import",
        "moduleName": "UnbluCallKitModule",
        "declAttributes": [
          "RawDocComment"
        ]
      },
      {
        "kind": "Import",
        "name": "CallKit",
        "printedName": "CallKit",
        "declKind": "Import",
        "moduleName": "UnbluCallKitModule"
      },
      {
        "kind": "Import",
        "name": "PushKit",
        "printedName": "PushKit",
        "declKind": "Import",
        "moduleName": "UnbluCallKitModule"
      },
      {
        "kind": "Import",
        "name": "UIKit",
        "printedName": "UIKit",
        "declKind": "Import",
        "moduleName": "UnbluCallKitModule"
      },
      {
        "kind": "Import",
        "name": "UnbluCoreSDK",
        "printedName": "UnbluCoreSDK",
        "declKind": "Import",
        "moduleName": "UnbluCallKitModule"
      }
    ],
    "json_format_version": 8
  },
  "ConstValues": [
    {
      "filePath": "\/Users\/jenkins\/workspace\/workspace\/omponents_mobile_sdk-ios_develop\/UnbluCallKitModule\/com.unblu.unblu-call-kit-module\/internal\/CallKitApiProvider.swift",
      "kind": "BooleanLiteral",
      "offset": 715,
      "length": 4,
      "value": "true"
    },
    {
      "filePath": "\/Users\/jenkins\/workspace\/workspace\/omponents_mobile_sdk-ios_develop\/UnbluCallKitModule\/com.unblu.unblu-call-kit-module\/internal\/CallKitApiProvider.swift",
      "kind": "BooleanLiteral",
      "offset": 1897,
      "length": 4,
      "value": "true"
    },
    {
      "filePath": "\/Users\/jenkins\/workspace\/workspace\/omponents_mobile_sdk-ios_develop\/UnbluCallKitModule\/com.unblu.unblu-call-kit-module\/internal\/CallKitApiProvider.swift",
      "kind": "IntegerLiteral",
      "offset": 1948,
      "length": 1,
      "value": "2"
    },
    {
      "filePath": "\/Users\/jenkins\/workspace\/workspace\/omponents_mobile_sdk-ios_develop\/UnbluCallKitModule\/com.unblu.unblu-call-kit-module\/internal\/CallKitApiProvider.swift",
      "kind": "IntegerLiteral",
      "offset": 1989,
      "length": 1,
      "value": "1"
    },
    {
      "filePath": "\/Users\/jenkins\/workspace\/workspace\/omponents_mobile_sdk-ios_develop\/UnbluCallKitModule\/com.unblu.unblu-call-kit-module\/internal\/CallKitApiProvider.swift",
      "kind": "StringLiteral",
      "offset": 4020,
      "length": 6,
      "value": "\"%02x\""
    },
    {
      "filePath": "\/Users\/jenkins\/workspace\/workspace\/omponents_mobile_sdk-ios_develop\/UnbluCallKitModule\/com.unblu.unblu-call-kit-module\/internal\/CallKitApiProvider.swift",
      "kind": "Array",
      "offset": 4560,
      "length": 14,
      "value": "[\" \", \"-\", \"+\"]"
    },
    {
      "filePath": "\/Users\/jenkins\/workspace\/workspace\/omponents_mobile_sdk-ios_develop\/UnbluCallKitModule\/com.unblu.unblu-call-kit-module\/internal\/CallKitApiProvider.swift",
      "kind": "BooleanLiteral",
      "offset": 4926,
      "length": 5,
      "value": "false"
    },
    {
      "filePath": "\/Users\/jenkins\/workspace\/workspace\/omponents_mobile_sdk-ios_develop\/UnbluCallKitModule\/com.unblu.unblu-call-kit-module\/internal\/CallKitApiProvider.swift",
      "kind": "BooleanLiteral",
      "offset": 4972,
      "length": 5,
      "value": "false"
    },
    {
      "filePath": "\/Users\/jenkins\/workspace\/workspace\/omponents_mobile_sdk-ios_develop\/UnbluCallKitModule\/com.unblu.unblu-call-kit-module\/internal\/CallKitApiProvider.swift",
      "kind": "BooleanLiteral",
      "offset": 5015,
      "length": 5,
      "value": "false"
    },
    {
      "filePath": "\/Users\/jenkins\/workspace\/workspace\/omponents_mobile_sdk-ios_develop\/UnbluCallKitModule\/com.unblu.unblu-call-kit-module\/internal\/CallKitApiProvider.swift",
      "kind": "StringLiteral",
      "offset": 5229,
      "length": 7,
      "value": "\"VIDEO\""
    },
    {
      "filePath": "\/Users\/jenkins\/workspace\/workspace\/omponents_mobile_sdk-ios_develop\/UnbluCallKitModule\/com.unblu.unblu-call-kit-module\/internal\/CallKitApiProvider.swift",
      "kind": "BooleanLiteral",
      "offset": 5239,
      "length": 4,
      "value": "true"
    },
    {
      "filePath": "\/Users\/jenkins\/workspace\/workspace\/omponents_mobile_sdk-ios_develop\/UnbluCallKitModule\/com.unblu.unblu-call-kit-module\/internal\/CallKitApiProvider.swift",
      "kind": "BooleanLiteral",
      "offset": 5246,
      "length": 5,
      "value": "false"
    },
    {
      "filePath": "\/Users\/jenkins\/workspace\/workspace\/omponents_mobile_sdk-ios_develop\/UnbluCallKitModule\/com.unblu.unblu-call-kit-module\/internal\/CallKitApiProvider.swift",
      "kind": "BooleanLiteral",
      "offset": 5693,
      "length": 4,
      "value": "true"
    },
    {
      "filePath": "\/Users\/jenkins\/workspace\/workspace\/omponents_mobile_sdk-ios_develop\/UnbluCallKitModule\/com.unblu.unblu-call-kit-module\/internal\/CallKitApiProvider.swift",
      "kind": "StringLiteral",
      "offset": 6219,
      "length": 38,
      "value": "\"Current country code: \""
    },
    {
      "filePath": "\/Users\/jenkins\/workspace\/workspace\/omponents_mobile_sdk-ios_develop\/UnbluCallKitModule\/com.unblu.unblu-call-kit-module\/internal\/CallKitApiProvider.swift",
      "kind": "StringLiteral",
      "offset": 6256,
      "length": 4,
      "value": "\"\""
    },
    {
      "filePath": "\/Users\/jenkins\/workspace\/workspace\/omponents_mobile_sdk-ios_develop\/UnbluCallKitModule\/com.unblu.unblu-call-kit-module\/internal\/CallKitApiProvider.swift",
      "kind": "BooleanLiteral",
      "offset": 6465,
      "length": 4,
      "value": "true"
    },
    {
      "filePath": "\/Users\/jenkins\/workspace\/workspace\/omponents_mobile_sdk-ios_develop\/UnbluCallKitModule\/com.unblu.unblu-call-kit-module\/internal\/CallKitApiProvider.swift",
      "kind": "StringLiteral",
      "offset": 6535,
      "length": 4,
      "value": "\"CN\""
    },
    {
      "filePath": "\/Users\/jenkins\/workspace\/workspace\/omponents_mobile_sdk-ios_develop\/UnbluCallKitModule\/com.unblu.unblu-call-kit-module\/internal\/CallKitApiProvider.swift",
      "kind": "StringLiteral",
      "offset": 6616,
      "length": 5,
      "value": "\"CHN\""
    },
    {
      "filePath": "\/Users\/jenkins\/workspace\/workspace\/omponents_mobile_sdk-ios_develop\/UnbluCallKitModule\/com.unblu.unblu-call-kit-module\/internal\/CallKitApiProvider.swift",
      "kind": "BooleanLiteral",
      "offset": 6644,
      "length": 5,
      "value": "false"
    },
    {
      "filePath": "\/Users\/jenkins\/workspace\/workspace\/omponents_mobile_sdk-ios_develop\/UnbluCallKitModule\/com.unblu.unblu-call-kit-module\/internal\/CallKitApiProvider.swift",
      "kind": "BooleanLiteral",
      "offset": 6675,
      "length": 4,
      "value": "true"
    }
  ]
}