{
  "ABIRoot": {
    "kind": "Root",
    "name": "TopLevel",
    "printedName": "TopLevel",
    "children": [
      {
        "kind": "Import",
        "name": "Foundation",
        "printedName": "Foundation",
        "declKind": "Import",
        "moduleName": "UnbluCallKitModule",
        "declAttributes": [
          "RawDocComment"
        ]
      },
      {
        "kind": "Import",
        "name": "CallKit",
        "printedName": "CallKit",
        "declKind": "Import",
        "moduleName": "UnbluCallKitModule"
      },
      {
        "kind": "Import",
        "name": "PushKit",
        "printedName": "PushKit",
        "declKind": "Import",
        "moduleName": "UnbluCallKitModule"
      },
      {
        "kind": "Import",
        "name": "UIKit",
        "printedName": "UIKit",
        "declKind": "Import",
        "moduleName": "UnbluCallKitModule"
      },
      {
        "kind": "Import",
        "name": "UnbluCoreSDK",
        "printedName": "UnbluCoreSDK",
        "declKind": "Import",
        "moduleName": "UnbluCallKitModule"
      },
      {
        "kind": "TypeDecl",
        "name": "CallKitApiProvider",
        "printedName": "CallKitApiProvider",
        "children": [
          {
            "kind": "Var",
            "name": "registry",
            "printedName": "registry",
            "children": [
              {
                "kind": "TypeNominal",
                "name": "PKPushRegistry",
                "printedName": "PushKit.PKPushRegistry",
                "usr": "c:objc(cs)PKPushRegistry"
              }
            ],
            "declKind": "Var",
            "usr": "s:18UnbluCallKitModule0bC11ApiProviderC8registry33_F6B8869D99144668E16A300F38114D03LLSo14PKPushRegistryCvp",
            "mangledName": "$s18UnbluCallKitModule0bC11ApiProviderC8registry33_F6B8869D99144668E16A300F38114D03LLSo14PKPushRegistryCvp",
            "moduleName": "UnbluCallKitModule",
            "isInternal": true,
            "declAttributes": [
              "HasInitialValue",
              "HasStorage",
              "AccessControl",
              "RawDocComment"
            ],
            "fixedbinaryorder": 0,
            "hasStorage": true
          },
          {
            "kind": "Constructor",
            "name": "init",
            "printedName": "init()",
            "children": [
              {
                "kind": "TypeNominal",
                "name": "CallKitApiProvider",
                "printedName": "UnbluCallKitModule.CallKitApiProvider",
                "usr": "c:@M@UnbluCallKitModule@objc(cs)CallKitApiProvider"
              }
            ],
            "declKind": "Constructor",
            "usr": "c:@M@UnbluCallKitModule@objc(cs)CallKitApiProvider(im)init",
            "mangledName": "$s18UnbluCallKitModule0bC11ApiProviderCACycfc",
            "moduleName": "UnbluCallKitModule",
            "overriding": true,
            "objc_name": "init",
            "declAttributes": [
              "Dynamic",
              "ObjC",
              "Override",
              "Required"
            ],
            "init_kind": "Designated"
          },
          {
            "kind": "Function",
            "name": "isEnabled",
            "printedName": "isEnabled()",
            "children": [
              {
                "kind": "TypeNominal",
                "name": "Bool",
                "printedName": "Swift.Bool",
                "usr": "s:Sb"
              }
            ],
            "declKind": "Func",
            "usr": "s:18UnbluCallKitModule0bC11ApiProviderC9isEnabledSbyF",
            "mangledName": "$s18UnbluCallKitModule0bC11ApiProviderC9isEnabledSbyF",
            "moduleName": "UnbluCallKitModule",
            "isOpen": true,
            "funcSelfKind": "NonMutating"
          },
          {
            "kind": "Function",
            "name": "registerForPushKit",
            "printedName": "registerForPushKit()",
            "children": [
              {
                "kind": "TypeNominal",
                "name": "Void",
                "printedName": "()"
              }
            ],
            "declKind": "Func",
            "usr": "s:18UnbluCallKitModule0bC11ApiProviderC015registerForPushC0yyF",
            "mangledName": "$s18UnbluCallKitModule0bC11ApiProviderC015registerForPushC0yyF",
            "moduleName": "UnbluCallKitModule",
            "isOpen": true,
            "funcSelfKind": "NonMutating"
          },
          {
            "kind": "Function",
            "name": "newCXProvider",
            "printedName": "newCXProvider(_:)",
            "children": [
              {
                "kind": "TypeNominal",
                "name": "Void",
                "printedName": "()"
              },
              {
                "kind": "TypeNominal",
                "name": "Optional",
                "printedName": "Swift.String?",
                "children": [
                  {
                    "kind": "TypeNominal",
                    "name": "String",
                    "printedName": "Swift.String",
                    "usr": "s:SS"
                  }
                ],
                "usr": "s:Sq"
              }
            ],
            "declKind": "Func",
            "usr": "s:18UnbluCallKitModule0bC11ApiProviderC13newCXProvideryySSSgF",
            "mangledName": "$s18UnbluCallKitModule0bC11ApiProviderC13newCXProvideryySSSgF",
            "moduleName": "UnbluCallKitModule",
            "isOpen": true,
            "funcSelfKind": "NonMutating"
          },
          {
            "kind": "Function",
            "name": "endIncomingCall",
            "printedName": "endIncomingCall(with:_:)",
            "children": [
              {
                "kind": "TypeNominal",
                "name": "Void",
                "printedName": "()"
              },
              {
                "kind": "TypeNominal",
                "name": "UUID",
                "printedName": "Foundation.UUID",
                "usr": "s:10Foundation4UUIDV"
              },
              {
                "kind": "TypeNominal",
                "name": "Bool",
                "printedName": "Swift.Bool",
                "usr": "s:Sb"
              }
            ],
            "declKind": "Func",
            "usr": "s:18UnbluCallKitModule0bC11ApiProviderC011endIncomingB04with_y10Foundation4UUIDV_SbtF",
            "mangledName": "$s18UnbluCallKitModule0bC11ApiProviderC011endIncomingB04with_y10Foundation4UUIDV_SbtF",
            "moduleName": "UnbluCallKitModule",
            "isOpen": true,
            "funcSelfKind": "NonMutating"
          },
          {
            "kind": "Function",
            "name": "pushRegistry",
            "printedName": "pushRegistry(_:didReceiveIncomingPushWith:for:completion:)",
            "children": [
              {
                "kind": "TypeNominal",
                "name": "Void",
                "printedName": "()"
              },
              {
                "kind": "TypeNominal",
                "name": "PKPushRegistry",
                "printedName": "PushKit.PKPushRegistry",
                "usr": "c:objc(cs)PKPushRegistry"
              },
              {
                "kind": "TypeNominal",
                "name": "PKPushPayload",
                "printedName": "PushKit.PKPushPayload",
                "usr": "c:objc(cs)PKPushPayload"
              },
              {
                "kind": "TypeNominal",
                "name": "PKPushType",
                "printedName": "PushKit.PKPushType",
                "usr": "c:@T@PKPushType"
              },
              {
                "kind": "TypeFunc",
                "name": "Function",
                "printedName": "() -> ()",
                "children": [
                  {
                    "kind": "TypeNominal",
                    "name": "Void",
                    "printedName": "()"
                  },
                  {
                    "kind": "TypeNominal",
                    "name": "Void",
                    "printedName": "()"
                  }
                ]
              }
            ],
            "declKind": "Func",
            "usr": "c:@M@UnbluCallKitModule@objc(cs)CallKitApiProvider(im)pushRegistry:didReceiveIncomingPushWithPayload:forType:withCompletionHandler:",
            "mangledName": "$s18UnbluCallKitModule0bC11ApiProviderC12pushRegistry_26didReceiveIncomingPushWith3for10completionySo06PKPushH0C_So0P7PayloadCSo0P4TypeayyctF",
            "moduleName": "UnbluCallKitModule",
            "isOpen": true,
            "objc_name": "pushRegistry:didReceiveIncomingPushWithPayload:forType:withCompletionHandler:",
            "declAttributes": [
              "ObjC",
              "RawDocComment"
            ],
            "funcSelfKind": "NonMutating"
          },
          {
            "kind": "Function",
            "name": "provider",
            "printedName": "provider(_:perform:)",
            "children": [
              {
                "kind": "TypeNominal",
                "name": "Void",
                "printedName": "()"
              },
              {
                "kind": "TypeNominal",
                "name": "CXProvider",
                "printedName": "CallKit.CXProvider",
                "usr": "c:objc(cs)CXProvider"
              },
              {
                "kind": "TypeNominal",
                "name": "CXAnswerCallAction",
                "printedName": "CallKit.CXAnswerCallAction",
                "usr": "c:objc(cs)CXAnswerCallAction"
              }
            ],
            "declKind": "Func",
            "usr": "c:@M@UnbluCallKitModule@objc(cs)CallKitApiProvider(im)provider:performAnswerCallAction:",
            "mangledName": "$s18UnbluCallKitModule0bC11ApiProviderC8provider_7performySo10CXProviderC_So08CXAnswerB6ActionCtF",
            "moduleName": "UnbluCallKitModule",
            "isOpen": true,
            "objc_name": "provider:performAnswerCallAction:",
            "declAttributes": [
              "ObjC"
            ],
            "funcSelfKind": "NonMutating"
          },
          {
            "kind": "Function",
            "name": "provider",
            "printedName": "provider(_:perform:)",
            "children": [
              {
                "kind": "TypeNominal",
                "name": "Void",
                "printedName": "()"
              },
              {
                "kind": "TypeNominal",
                "name": "CXProvider",
                "printedName": "CallKit.CXProvider",
                "usr": "c:objc(cs)CXProvider"
              },
              {
                "kind": "TypeNominal",
                "name": "CXEndCallAction",
                "printedName": "CallKit.CXEndCallAction",
                "usr": "c:objc(cs)CXEndCallAction"
              }
            ],
            "declKind": "Func",
            "usr": "c:@M@UnbluCallKitModule@objc(cs)CallKitApiProvider(im)provider:performEndCallAction:",
            "mangledName": "$s18UnbluCallKitModule0bC11ApiProviderC8provider_7performySo10CXProviderC_So05CXEndB6ActionCtF",
            "moduleName": "UnbluCallKitModule",
            "isOpen": true,
            "objc_name": "provider:performEndCallAction:",
            "declAttributes": [
              "ObjC",
              "AccessControl"
            ],
            "funcSelfKind": "NonMutating"
          },
          {
            "kind": "Function",
            "name": "providerDidReset",
            "printedName": "providerDidReset(_:)",
            "children": [
              {
                "kind": "TypeNominal",
                "name": "Void",
                "printedName": "()"
              },
              {
                "kind": "TypeNominal",
                "name": "CXProvider",
                "printedName": "CallKit.CXProvider",
                "usr": "c:objc(cs)CXProvider"
              }
            ],
            "declKind": "Func",
            "usr": "c:@M@UnbluCallKitModule@objc(cs)CallKitApiProvider(im)providerDidReset:",
            "mangledName": "$s18UnbluCallKitModule0bC11ApiProviderC16providerDidResetyySo10CXProviderCF",
            "moduleName": "UnbluCallKitModule",
            "isOpen": true,
            "objc_name": "providerDidReset:",
            "declAttributes": [
              "ObjC"
            ],
            "funcSelfKind": "NonMutating"
          },
          {
            "kind": "Function",
            "name": "pushRegistry",
            "printedName": "pushRegistry(_:didUpdate:for:)",
            "children": [
              {
                "kind": "TypeNominal",
                "name": "Void",
                "printedName": "()"
              },
              {
                "kind": "TypeNominal",
                "name": "PKPushRegistry",
                "printedName": "PushKit.PKPushRegistry",
                "usr": "c:objc(cs)PKPushRegistry"
              },
              {
                "kind": "TypeNominal",
                "name": "PKPushCredentials",
                "printedName": "PushKit.PKPushCredentials",
                "usr": "c:objc(cs)PKPushCredentials"
              },
              {
                "kind": "TypeNominal",
                "name": "PKPushType",
                "printedName": "PushKit.PKPushType",
                "usr": "c:@T@PKPushType"
              }
            ],
            "declKind": "Func",
            "usr": "c:@M@UnbluCallKitModule@objc(cs)CallKitApiProvider(im)pushRegistry:didUpdatePushCredentials:forType:",
            "mangledName": "$s18UnbluCallKitModule0bC11ApiProviderC12pushRegistry_9didUpdate3forySo06PKPushH0C_So0L11CredentialsCSo0L4TypeatF",
            "moduleName": "UnbluCallKitModule",
            "isOpen": true,
            "objc_name": "pushRegistry:didUpdatePushCredentials:forType:",
            "declAttributes": [
              "ObjC"
            ],
            "funcSelfKind": "NonMutating"
          },
          {
            "kind": "Function",
            "name": "pushRegistry",
            "printedName": "pushRegistry(_:didInvalidatePushTokenFor:)",
            "children": [
              {
                "kind": "TypeNominal",
                "name": "Void",
                "printedName": "()"
              },
              {
                "kind": "TypeNominal",
                "name": "PKPushRegistry",
                "printedName": "PushKit.PKPushRegistry",
                "usr": "c:objc(cs)PKPushRegistry"
              },
              {
                "kind": "TypeNominal",
                "name": "PKPushType",
                "printedName": "PushKit.PKPushType",
                "usr": "c:@T@PKPushType"
              }
            ],
            "declKind": "Func",
            "usr": "c:@M@UnbluCallKitModule@objc(cs)CallKitApiProvider(im)pushRegistry:didInvalidatePushTokenForType:",
            "mangledName": "$s18UnbluCallKitModule0bC11ApiProviderC12pushRegistry_25didInvalidatePushTokenForySo06PKPushH0C_So0N4TypeatF",
            "moduleName": "UnbluCallKitModule",
            "isOpen": true,
            "objc_name": "pushRegistry:didInvalidatePushTokenForType:",
            "declAttributes": [
              "ObjC"
            ],
            "funcSelfKind": "NonMutating"
          },
          {
            "kind": "Function",
            "name": "reportNewIncomingCall",
            "printedName": "reportNewIncomingCall(callId:handlerName:callType:_:)",
            "children": [
              {
                "kind": "TypeNominal",
                "name": "Void",
                "printedName": "()"
              },
              {
                "kind": "TypeNominal",
                "name": "UUID",
                "printedName": "Foundation.UUID",
                "usr": "s:10Foundation4UUIDV"
              },
              {
                "kind": "TypeNominal",
                "name": "String",
                "printedName": "Swift.String",
                "usr": "s:SS"
              },
              {
                "kind": "TypeNominal",
                "name": "String",
                "printedName": "Swift.String",
                "usr": "s:SS"
              },
              {
                "kind": "TypeFunc",
                "name": "Function",
                "printedName": "(Swift.Error?) -> ()",
                "children": [
                  {
                    "kind": "TypeNominal",
                    "name": "Void",
                    "printedName": "()"
                  },
                  {
                    "kind": "TypeNominal",
                    "name": "Optional",
                    "printedName": "Swift.Error?",
                    "children": [
                      {
                        "kind": "TypeNominal",
                        "name": "Error",
                        "printedName": "Swift.Error",
                        "usr": "s:s5ErrorP"
                      }
                    ],
                    "usr": "s:Sq"
                  }
                ]
              }
            ],
            "declKind": "Func",
            "usr": "s:18UnbluCallKitModule0bC11ApiProviderC017reportNewIncomingB06callId11handlerName0J4Type_y10Foundation4UUIDV_S2Sys5Error_pSgctF",
            "mangledName": "$s18UnbluCallKitModule0bC11ApiProviderC017reportNewIncomingB06callId11handlerName0J4Type_y10Foundation4UUIDV_S2Sys5Error_pSgctF",
            "moduleName": "UnbluCallKitModule",
            "isOpen": true,
            "isFromExtension": true,
            "funcSelfKind": "NonMutating"
          },
          {
            "kind": "Function",
            "name": "reportUnsuccessfulCall",
            "printedName": "reportUnsuccessfulCall(_:_:)",
            "children": [
              {
                "kind": "TypeNominal",
                "name": "Void",
                "printedName": "()"
              },
              {
                "kind": "TypeNominal",
                "name": "UUID",
                "printedName": "Foundation.UUID",
                "usr": "s:10Foundation4UUIDV"
              },
              {
                "kind": "TypeFunc",
                "name": "Function",
                "printedName": "() -> ()",
                "children": [
                  {
                    "kind": "TypeNominal",
                    "name": "Void",
                    "printedName": "()"
                  },
                  {
                    "kind": "TypeNominal",
                    "name": "Void",
                    "printedName": "()"
                  }
                ]
              }
            ],
            "declKind": "Func",
            "usr": "s:18UnbluCallKitModule0bC11ApiProviderC018reportUnsuccessfulB0yy10Foundation4UUIDV_yyctF",
            "mangledName": "$s18UnbluCallKitModule0bC11ApiProviderC018reportUnsuccessfulB0yy10Foundation4UUIDV_yyctF",
            "moduleName": "UnbluCallKitModule",
            "isOpen": true,
            "isFromExtension": true,
            "funcSelfKind": "NonMutating"
          },
          {
            "kind": "Function",
            "name": "getCountryCode",
            "printedName": "getCountryCode()",
            "children": [
              {
                "kind": "TypeNominal",
                "name": "Optional",
                "printedName": "Swift.String?",
                "children": [
                  {
                    "kind": "TypeNominal",
                    "name": "String",
                    "printedName": "Swift.String",
                    "usr": "s:SS"
                  }
                ],
                "usr": "s:Sq"
              }
            ],
            "declKind": "Func",
            "usr": "s:18UnbluCallKitModule0bC11ApiProviderC14getCountryCodeSSSgyF",
            "mangledName": "$s18UnbluCallKitModule0bC11ApiProviderC14getCountryCodeSSSgyF",
            "moduleName": "UnbluCallKitModule",
            "isOpen": true,
            "isFromExtension": true,
            "funcSelfKind": "NonMutating"
          },
          {
            "kind": "Function",
            "name": "isCallKitSupported",
            "printedName": "isCallKitSupported()",
            "children": [
              {
                "kind": "TypeNominal",
                "name": "Bool",
                "printedName": "Swift.Bool",
                "usr": "s:Sb"
              }
            ],
            "declKind": "Func",
            "usr": "s:18UnbluCallKitModule0bC11ApiProviderC02isbC9SupportedSbyF",
            "mangledName": "$s18UnbluCallKitModule0bC11ApiProviderC02isbC9SupportedSbyF",
            "moduleName": "UnbluCallKitModule",
            "isOpen": true,
            "isFromExtension": true,
            "funcSelfKind": "NonMutating"
          }
        ],
        "declKind": "Class",
        "usr": "c:@M@UnbluCallKitModule@objc(cs)CallKitApiProvider",
        "mangledName": "$s18UnbluCallKitModule0bC11ApiProviderC",
        "moduleName": "UnbluCallKitModule",
        "isOpen": true,
        "declAttributes": [
          "RawDocComment",
          "ObjC"
        ],
        "superclassUsr": "c:objc(cs)NSObject",
        "inheritsConvenienceInitializers": true,
        "superclassNames": [
          "ObjectiveC.NSObject"
        ],
        "conformances": [
          {
            "kind": "Conformance",
            "name": "UnbluCallKitApi",
            "printedName": "UnbluCallKitApi",
            "usr": "s:12UnbluCoreSDK0A10CallKitApiP",
            "mangledName": "$s12UnbluCoreSDK0A10CallKitApiP"
          },
          {
            "kind": "Conformance",
            "name": "Equatable",
            "printedName": "Equatable",
            "usr": "s:SQ",
            "mangledName": "$sSQ"
          },
          {
            "kind": "Conformance",
            "name": "Hashable",
            "printedName": "Hashable",
            "usr": "s:SH",
            "mangledName": "$sSH"
          },
          {
            "kind": "Conformance",
            "name": "CVarArg",
            "printedName": "CVarArg",
            "usr": "s:s7CVarArgP",
            "mangledName": "$ss7CVarArgP"
          },
          {
            "kind": "Conformance",
            "name": "_KeyValueCodingAndObservingPublishing",
            "printedName": "_KeyValueCodingAndObservingPublishing",
            "usr": "s:10Foundation37_KeyValueCodingAndObservingPublishingP",
            "mangledName": "$s10Foundation37_KeyValueCodingAndObservingPublishingP"
          },
          {
            "kind": "Conformance",
            "name": "_KeyValueCodingAndObserving",
            "printedName": "_KeyValueCodingAndObserving",
            "usr": "s:10Foundation27_KeyValueCodingAndObservingP",
            "mangledName": "$s10Foundation27_KeyValueCodingAndObservingP"
          },
          {
            "kind": "Conformance",
            "name": "CustomStringConvertible",
            "printedName": "CustomStringConvertible",
            "usr": "s:s23CustomStringConvertibleP",
            "mangledName": "$ss23CustomStringConvertibleP"
          },
          {
            "kind": "Conformance",
            "name": "CustomDebugStringConvertible",
            "printedName": "CustomDebugStringConvertible",
            "usr": "s:s28CustomDebugStringConvertibleP",
            "mangledName": "$ss28CustomDebugStringConvertibleP"
          }
        ]
      }
    ],
    "json_format_version": 8
  },
  "ConstValues": []
}